date,Alternativet,Dansk_Folkeparti,Det_Konservative_Folkeparti,Enhedslisten,Klaus_RiskÃ¦r_Pedersen,Kristendemokraterne,Liberal_Alliance,Nye_Borgerlige,Radikale_Venstre,Socialdemokratiet,Socialistisk_Folkeparti,Stram_Kurs,Veganerpartiet,Venstre,other
2020-05-06,0.8131680052507092,7.558863918241477,7.332669863689438,7.31876002342011,0.5166820859305277,0.5515571472038107,2.0821419640682883,4.260243803455123,7.119054794465278,33.54542844855924,7.0177662202231605,1.2737793024163575,,19.65195401266465,0.974992592542912
2020-05-07,0.8010801898951798,7.5446022654910205,7.349096061540074,7.322327227155296,0.5138165166168724,0.5528078710150506,2.0851620014730106,4.286236601247482,7.119673547820519,33.54470998648809,7.03564609363695,1.273728267978725,,19.63944316219975,0.9647665168464732
2020-05-08,0.7997058826817841,7.52687300942219,7.358055421833564,7.322666070889149,0.5086199033805241,0.5454945648321732,2.0818631498269395,4.314729474050522,7.125794431864433,33.550835416514936,7.03254571026278,1.266845550476853,,19.61037084612924,0.9609112948262004
2020-05-09,0.788237812724218,7.507168089335547,7.372157392260852,7.3157210692095,0.4836113153096864,0.5428720351540964,2.086639987308319,4.326553132464391,7.137451311160255,33.56067839135132,7.043959112962611,1.2566310110107062,,19.58327597238052,0.9588219069354093
2020-05-10,0.8015686141073592,7.489049270762085,7.380437233248558,7.3216067231679025,0.4750791221287196,0.5448442425516913,2.0862839333760648,4.362762374187448,7.133121001909752,33.58365916102441,7.038081812876899,1.235897312454186,,19.551177104814304,0.9544182941946991
2020-05-11,0.8139564304187306,7.472305127128099,7.396021689915878,7.319099310439851,0.4638144224956725,0.5479781075772041,2.0825266910269065,4.390700975411446,7.144680869061978,33.58569227111082,7.045229361125132,1.2295266370450986,,19.516330022275888,0.9552156404107632
2020-05-12,0.8146897054614524,7.452450645200133,7.397897791003559,7.34097714920767,0.4607728046778455,0.54394046983317,2.0851040741246534,4.409044024180735,7.134160917750071,33.60906209685049,7.046818868193547,1.2263176160756577,,19.476358097689424,0.9519771311450757
2020-05-13,0.8106595286229938,7.443545792970637,7.389470857656559,7.342347192988351,0.4476534522713759,0.5407577495137224,2.0979983003712204,4.434285300690311,7.121599797470895,33.634795989139214,7.0396894986226926,1.2144784543157985,,19.429987710297617,0.9522586901407648
2020-05-14,0.8185859508716378,7.421539868713129,7.3986043315025345,7.359731248025342,0.4420375216976083,0.5549730654510612,2.1144133669069096,4.473085641245045,7.114895383875096,33.66422117003832,7.040886973480463,1.2077282052070923,,19.39414481209573,0.9584586532639544
2020-05-15,0.8133052181058268,7.414214347604383,7.396835257773801,7.366384396656775,0.4464434231545252,0.5457245129448534,2.136067799900318,4.5042964341809935,7.098849663761686,33.69084674118913,7.041735796036159,1.1999075746858885,,19.353469078816765,0.9507821080269664
2020-05-16,0.8141991665062778,7.391805526023981,7.41328374730892,7.376569819232818,0.4477514515510556,0.5313016400976233,2.146496057220837,4.529826066336968,7.096222710220337,33.716646677571816,7.043522655386674,1.1910765507293477,,19.307875608591115,0.954986160188714
2020-05-17,0.8055181037318516,7.370402275005831,7.407825456046996,7.382385009729189,0.4346751565507203,0.5296971358368695,2.156925976027401,4.565702456169536,7.086368287834024,33.74309345510452,7.047657596164869,1.1853303808092894,,19.271814093133504,0.964304378260346
2020-05-18,0.8036925888054707,7.360178380542156,7.427758749121906,7.388700737929417,0.4276474316784535,0.5282993860457053,2.1782951753155326,4.599579896140325,7.091075584814027,33.76195851073808,7.048660625740717,1.170234424618371,,19.24001571924364,0.9613919653191264
2020-05-19,0.8039214558379436,7.344197168987004,7.429241364745285,7.394317787654131,0.4142701720599688,0.5275983087609862,2.189679107330313,4.631200853441687,7.086768440474588,33.77900233093508,7.051080759779414,1.1674013113849648,,19.202217623196784,0.9545118865304622
2020-05-20,0.7951835545628587,7.328702893598566,7.443201349081484,7.394465704934125,0.4061438483488372,0.524341411529327,2.2019175778998665,4.665782867903579,7.086646234129463,33.791915179337735,7.055242983055301,1.151113727143002,,19.16564386635178,0.9549892491764254
2020-05-21,0.7935250073610364,7.309024656112371,7.451677003953909,7.39887132310538,0.4085189697219266,0.5295465543928916,2.2064998256098165,4.701058347556498,7.078248629837341,33.805552084316425,7.062162708267782,1.1407865786964977,,19.137022239159823,0.9506149187053862
2020-05-22,0.7993965336275314,7.290380527900319,7.470733874436084,7.40241601787834,0.4068442744172306,0.5315808288270586,2.225807280262963,4.743665093309042,7.073739589940479,33.82751596558063,7.0681714702656535,1.1341219880863578,,19.104625640838645,0.9557950002930312
2020-05-23,0.803787270605708,7.263238620478762,7.477168835144828,7.403294319890063,0.3942066152773342,0.5318862020709232,2.238839704339858,4.777535357867835,7.068139523767425,33.852999112563325,7.080435873409373,1.1351352316996175,,19.067753422313288,0.946906218405114
2020-05-24,0.8105536211499523,7.238842907462644,7.478961459281126,7.418524033231499,0.3936480618933332,0.5289475234947071,2.254500896949428,4.807813881159276,7.070676669216489,33.87853888815262,7.087155977325889,1.119183378995778,,19.03452105283828,0.940797806783658
2020-05-25,0.7990266591532935,7.225754143765509,7.4863004164631475,7.424521816048799,0.3794364225054051,0.5333378548795049,2.251465846841424,4.857546482287529,7.068703330471164,33.8763103576517,7.0779007265212615,1.1208472405520629,,19.02463681575029,0.9288235815446828
2020-05-26,0.8027016159100238,7.202975789844849,7.4919310596478015,7.426164893473863,0.3631139700991537,0.5330858486317385,2.2584323151509302,4.89850196697857,7.057428159076635,33.88743951512419,7.059902806892672,1.1043036553782526,,19.01099525816025,0.920900500377708
2020-05-27,0.7992860381705409,7.180305900153307,7.5149099354586,7.426254193412571,0.3691976103395773,0.5373385451346194,2.271702795222968,4.941838638136082,7.045034623720188,33.89289575321948,7.056711028135632,1.0856155375966523,,18.98596298088065,0.9159314137433038
2020-05-28,0.8105138301704201,7.163878332278786,7.512040021494911,7.432785961765551,0.3678792706287658,0.5350694883575112,2.273160080418084,4.972304275703836,7.04538523233517,33.889909240355834,7.062276126402863,1.076690843024858,,18.96516295589796,0.9082755069099212
2020-05-29,0.8070606999554134,7.148438808876091,7.512420919359091,7.421032626515805,0.3627039764647015,0.5367960489261229,2.2764971251833046,5.008057437587618,7.041882026210536,33.89739685485911,7.077519566517258,1.0738525133100456,,18.94545540545773,0.9028869333161738
2020-05-30,0.7991309578442978,7.132808493969256,7.528383106040955,7.430077160625349,0.352873668311665,0.5466410263140838,2.2801237140687776,5.037756206153762,7.050656613912111,33.880993495196,7.07586583957802,1.0722767109884008,,18.921155861832048,0.895361284370183
2020-05-31,0.7957399399868966,7.132514504396371,7.543789277189915,7.444158399985285,0.3458488063652378,0.5476426803909088,2.292474436186529,5.056291210716072,7.054182091514693,33.889447650198186,7.074066455061765,1.0592270697466335,,18.9073799238802,0.9007616028549188
2020-06-01,0.788485564793056,7.106121158637154,7.559013622213111,7.442223688542288,0.3453585823826016,0.5544202975203909,2.302033420197875,5.1075759853796345,7.057237263939287,33.874871197948096,7.067039693317579,1.0493485440219317,,18.89523220918324,0.9002293689805997
2020-06-02,0.7833744510942782,7.076774925057719,7.565322913974127,7.4433137106975344,0.3493612840764162,0.5587038022948306,2.306414390802596,5.14107365812532,7.066380888489497,33.86382278890655,7.0666967777141,1.0383685965394482,,18.874499175108536,0.9081900876896708
2020-06-03,0.7783691540945856,7.065847326326862,7.582304062784958,7.43473514653747,0.3456472592514173,0.5571271767445652,2.294018490911113,5.167724453559,7.0722820569235845,33.855801312866525,7.052291497704788,1.019534843434956,,18.849675325762043,0.904169399142362
2020-06-04,0.7646715542655872,7.040983123164057,7.59030423002376,7.427372155437517,0.35069615894113,0.5634969634927888,2.292588172510137,5.203813089322748,7.093161605933273,33.84372727811943,7.050962363890529,1.0150948553358643,,18.841127107132955,0.9061040514002536
2020-06-05,0.760935960690495,7.016342629914232,7.593327650666943,7.426861852270607,0.3580979967472798,0.5766467446221114,2.2817055988962,5.234425389884692,7.100712110397369,33.83224817587889,7.0504813797234425,1.004045596093968,,18.830063035658647,0.9116615728751484
2020-06-06,0.7602329216182027,6.98940486122867,7.595539839239521,7.419418858462242,0.3598096860719033,0.5898244082144424,2.279367636583538,5.262586340955892,7.101085035354517,33.83005600973737,7.0433693967350335,1.0072852330485875,,18.82134201820077,0.9066436617109394
2020-06-07,0.756048258872948,6.95964142081844,7.595884497358163,7.429454241197449,0.3640948343966678,0.6020211570400399,2.2807044424533496,5.297914650083195,7.107966727346851,33.82505048867644,7.047471962482979,1.009663336534992,,18.816129867751552,0.9049193467935231
2020-06-08,0.7616788706050691,6.932957973010398,7.610958541323584,7.43486188536868,0.3611114034628087,0.6112127795499586,2.2813093470483365,5.339498266689143,7.116186454984139,33.814252749207,7.049405937326197,0.9990345812719952,,18.81699513614981,0.9035786605065717
2020-06-09,0.752180851705386,6.9195839610821634,7.618787656140434,7.422804097719702,0.3577979386831268,0.6151824127420689,2.285133500738327,5.375049321725894,7.112868782951397,33.79298825588644,7.050068837236646,0.9892106163921855,,18.799063085430703,0.8966903829727001
2020-06-10,0.7530807546485399,6.898629466572644,7.613438972310677,7.418646186284446,0.3596121007698665,0.6164602568760006,2.285242888930036,5.413780240121863,7.118326142389542,33.76805597808649,7.050790541476126,0.9730350955695916,,18.80174170118648,0.8932426414174909
2020-06-11,0.7609858883953227,6.899079977875869,7.623586320846888,7.409243456906688,0.3595617996277694,0.6285828668863225,2.2886070547344346,5.455691944525619,7.119890472236548,33.75151344470179,7.058084738537628,0.9591973217313076,,18.782930749684432,0.8987109600566895
2020-06-12,0.7498723106528661,6.886648802427249,7.642919271993467,7.41434474306899,0.350504074550358,0.640544154367957,2.299261219333712,5.493240645821481,7.117660440302256,33.73517158041581,7.064158036588536,0.94734576629473,,18.75564052144914,0.9014241450487112
2020-06-13,0.744476662360706,6.881224845417621,7.663020590611513,7.424623398492343,0.3603296280251151,0.6369353404281531,2.3052667461276544,5.518866270774282,7.115863801301956,33.71906836763116,7.06209848475082,0.9481676099120904,,18.7246376356716,0.8958365916286208
2020-06-14,0.7360723009316319,6.87612907200589,7.681443131399058,7.416706590238034,0.3469457943319023,0.6565347938850964,2.3147321187465613,5.548723912626521,7.115334404635464,33.68932747722882,7.061567560852876,0.9406933631687086,,18.695241632738384,0.895216238622549
2020-06-15,0.7278726570509755,6.870831089787428,7.696274242550006,7.421888033393976,0.3440333425485488,0.6725838912837578,2.332640461752613,5.56907454425774,7.114162944179689,33.67422226110431,7.072187187993854,0.9333957875691484,,18.67354080983108,0.9018277702260534
2020-06-16,0.734151719029203,6.860367812977772,7.710080575581227,7.416706980142315,0.3421874852227931,0.6686614563425326,2.3374435161867657,5.6070472473311295,7.118811708637423,33.66220586698971,7.068797050438885,0.9263831318524772,,18.65271124601524,0.9115126834458508
2020-06-17,0.7361390758745979,6.859334892543209,7.72494020711823,7.408199539472351,0.3440377753019808,0.6679726099255078,2.346303109318021,5.636906488621091,7.112871857215835,33.64587976817894,7.065351047825667,0.9256771138113644,,18.625719534101226,0.9215193011906816
2020-06-18,0.7364397950251041,6.857057512446611,7.749985579210866,7.414923480473698,0.3452377241960279,0.6774186633240804,2.368116652263099,5.665392651796052,7.113390167278725,33.624161228825834,7.059318675334011,0.9115003157972912,,18.6013548273595,0.928133169715942
2020-06-19,0.7439081981537274,6.848653519168775,7.770065857247292,7.419417128044776,0.3404736562535029,0.6760137020399709,2.3674004823177928,5.686338551864368,7.111908811496125,33.61604817136355,7.050215687011186,0.906295400436147,,18.57862243655485,0.9257169873877096
2020-06-20,0.749655606299485,6.84557806990256,7.77697642211889,7.425959150104037,0.3304246575741293,0.6864968279127006,2.369705869738258,5.719087714785608,7.114661167784278,33.59874513621035,7.060312804871135,0.8922983005485808,,18.560463027084754,0.9340173066883236
2020-06-21,0.7361660405642101,6.835641311124308,7.791459679762745,7.424359077882069,0.3358662180060682,0.6880872855902351,2.3716620305447806,5.7632629139707,7.115430237810788,33.582047856399804,7.067508728237677,0.8863584748052812,,18.53730476414252,0.927171773109859
2020-06-22,0.7302782111394692,6.832153229904976,7.794487855705898,7.423786448633186,0.3375221156598668,0.6962231342532075,2.382117232017785,5.774594305715978,7.128453783099754,33.55483461803178,7.079916950240655,0.8801531723213841,,18.5207654462956,0.9261814591970474
2020-06-23,0.7403376805262919,6.82762283822916,7.8113218159623345,7.411838153690331,0.3376628594334868,0.7056640808520599,2.3826925995006767,5.806623463326992,7.12862582860387,33.539950369002106,7.070108981679669,0.8839656671176642,,18.49032702206897,0.9358766532018712
2020-06-24,0.741119583552232,6.819453104245665,7.817550867453296,7.407659899449641,0.3350045947010935,0.7173520538127756,2.403433662023531,5.835034625297307,7.125357920213277,33.51149013231145,7.082556511619978,0.8793871783371997,,18.471837614479075,0.9342291621199008
2020-06-25,0.7410771523330484,6.80826451725682,7.841877525850295,7.403453886309325,0.3214419777096474,0.7289181891201504,2.408648811583686,5.863815718158622,7.1187506905935125,33.495045982387744,7.090980816556013,0.8741891305725569,,18.456242371313287,0.9207056566043232
2020-06-26,0.7293646402485958,6.7943738964823135,7.852490535124288,7.397773550327847,0.3145492598880647,0.733962024337607,2.4094639826621087,5.891590452180891,7.104545299353224,33.47690885225363,7.093366745348891,0.8718406542499934,,18.428894798833998,0.9296185844448568
2020-06-27,0.7285828421888039,6.784505697517048,7.860521427954385,7.406198928769876,0.3095634565963131,0.7471582332535764,2.420457399801515,5.913292400023433,7.094156860396153,33.45292721812104,7.09421656630243,0.8701275394867467,,18.413253519696056,0.9394586981701188
2020-06-28,0.7323658901070278,6.769845907212654,7.868365118536676,7.412627657840329,0.3126100061266198,0.7533979868597359,2.424494779584072,5.949569740172372,7.07893534879517,33.43818770757289,7.097491376915858,0.8551443543362713,,18.39325175354802,0.9490611001949928
2020-06-29,0.7296451519598145,6.783079015871872,7.8789619854661295,7.415781842274979,0.3088331752443147,0.764837066630323,2.4229429633053106,5.961504350587575,7.065503340023301,33.41841986041398,7.100342122613551,0.8574875077289341,,18.383467682482745,0.9635851356594012
2020-06-30,0.7309842106923227,6.773973674462477,7.891950503868327,7.422620274683818,0.3110527608001893,0.775383532044191,2.428357536808209,5.97848676006739,7.061090253965388,33.386368973335486,7.105584251324215,0.8480196008885695,,18.36205261576675,0.9793395333785496
2020-07-01,0.7193928180452035,6.773766351969895,7.903682165891223,7.422641843122937,0.3107945509868474,0.7811048004091435,2.4270252800624577,5.986984402405442,7.065079821064905,33.35159542025969,7.11027873148009,0.8492700166605556,,18.33838758860244,0.977314263847292
2020-07-02,0.7139346292674432,6.784055044463426,7.923516914556736,7.417957042800805,0.304788112593131,0.7902497013788875,2.440676478377123,5.998105451428989,7.051745186938451,33.325516686961045,7.118967683781528,0.8435207865041375,,18.31534340814958,0.98425048167206
2020-07-03,0.7050498320771755,6.78134368492659,7.936053587975483,7.423753364766766,0.3165641991985508,0.797498172078752,2.4375837049493523,6.013456399080066,7.035954080535766,33.296584990015134,7.121345541622668,0.8476560494743456,,18.30646326147335,0.9958077316557188
2020-07-04,0.7036536261819083,6.787651679572597,7.936408427632095,7.422431009399614,0.3273564362493805,0.809255589765989,2.436633159068117,6.044927508893833,7.028852813290894,33.26521893275844,7.1275451696072905,0.8350171157046415,,18.290279011680976,0.9926857531608532
2020-07-05,0.7026717994694949,6.7985004385542345,7.94520031770792,7.432126517446203,0.3212259922292274,0.8192328568100892,2.443827167888739,6.053566909043465,7.026758494848656,33.238723027029025,7.135590947863263,0.8352666874106237,,18.281470429966443,0.9922503932458884
2020-07-06,0.7132865856011874,6.799810247032133,7.965399449346405,7.437030113762578,0.3281980530518553,0.833453792849718,2.4523367085703653,6.07212978335458,7.011651972615872,33.21627780668681,7.15498455788289,0.8441928815264217,,18.25324667036668,0.9947861597573234
2020-07-07,0.7076056739866394,6.8004362476636455,7.978654584228834,7.44466803099696,0.3206168480407563,0.8338321746583954,2.455346950958012,6.077268002578911,7.018295751643614,33.202606725333695,7.168839782435716,0.8409325448112811,,18.237117011236503,0.997141230571635
2020-07-08,0.7105638449420992,6.811645303220979,7.995136378839747,7.458057414150332,0.3118262992658197,0.8324468308883575,2.453249436812694,6.093035834858705,7.016192288510452,33.18234396651267,7.177117636071131,0.8418803402060091,,18.21257019908577,1.0077255268231604
2020-07-09,0.7173638052581155,6.820838205047249,7.997462173252399,7.457801637341544,0.3121386492133967,0.8299906787226644,2.461657249737572,6.097415570970867,7.01969929596654,33.17238918944502,7.183568276987024,0.826543625337914,,18.19816451249073,1.0173697698550386
2020-07-10,0.7154431011780747,6.833253669006393,8.02055517075685,7.459931790317498,0.2999827383233082,0.8218353304134298,2.45843863960706,6.096786415940886,7.0235278002388615,33.157371944063335,7.190793248326463,0.8206250509291328,,18.18542950270485,1.030696312592486
2020-07-11,0.7191214070224446,6.843389419865551,8.034778699843777,7.459671304385792,0.3093880611016558,0.8363045709183118,2.457183888934104,6.108716016822499,7.009540031622667,33.12078983886081,7.207274259259663,0.8228206671275052,,18.162809960146284,1.0296014411145429
2020-07-12,0.710720096954862,6.8512491558920425,8.050227516664238,7.451315772203754,0.2963731793884306,0.8450459219645753,2.448325287128372,6.114610614711259,6.995459730154678,33.09924781522103,7.216618938974736,0.8129362459799683,,18.12687649243233,1.0397069524170797
2020-07-13,0.7189027012970416,6.852176119221489,8.048747482819818,7.446659948543336,0.3018979769835175,0.8501163196184249,2.449340179573479,6.128967653477142,7.000734285606471,33.07796941256412,7.22047232724006,0.8038561143833309,,18.10792376128179,1.0456525697763115
2020-07-14,0.722194258826575,6.860121717542024,8.060142403426488,7.446544233695132,0.298215913858972,0.8579518506136283,2.44670858169676,6.139496595205746,7.003529035012714,33.07230616693517,7.222826950101613,0.7925923207065749,,18.082824133272823,1.061147966174593
2020-07-15,0.7131223250759541,6.874167601566168,8.073029232809004,7.4495265955877406,0.3012917549296328,0.8624940415492088,2.4455590028010965,6.146151890363335,7.003443719995276,33.049313583486466,7.220088972015097,0.7962121978730435,,18.060910448957387,1.0669288762710918
2020-07-16,0.7081448547745877,6.886046408532499,8.079065549832036,7.451266750286922,0.3000026372890423,0.8514901933678926,2.4349717892616654,6.143031143154646,7.00498273857137,33.02841967136694,7.225699658728256,0.7821861453711058,,18.052039537921733,1.06657671554162
2020-07-17,0.7035840195437562,6.89628981466879,8.102510194499834,7.462791328748432,0.2925955655745094,0.8538508827899559,2.442302108124465,6.151523932833266,7.006841132524011,33.01948266402613,7.240542787585586,0.783105614368492,,18.0317356450474,1.083676344362131
2020-07-18,0.7130809683017587,6.901081934496632,8.120135119244594,7.45041435854498,0.2869979943887438,0.8515009019922211,2.4344576130757862,6.157166719076248,7.006501539126663,32.996047146452106,7.248830668214294,0.775305708643009,,18.005312220710614,1.0760528966981004
2020-07-19,0.7149851023617013,6.902344612303542,8.134118692483204,7.451742675247252,0.2845157237094735,0.8611907308283249,2.436507677678082,6.161807548756991,7.008009040776849,32.96678509105641,7.258240496176025,0.7774832263864685,,17.991220826155764,1.087755953349648
2020-07-20,0.7295208274661633,6.904869805959643,8.143093035530237,7.450806439414717,0.2776976595019991,0.8597029837296885,2.4318628938819837,6.164053498657775,7.001940699580809,32.94101260677862,7.271828057962662,0.7665549183579918,,17.967636049951466,1.0811942126322969
2020-07-21,0.7305332928822104,6.911304660375871,8.139340320855744,7.451338757629283,0.2775247364051814,0.8649640787277144,2.4162140862788366,6.179757930688341,6.994902882513826,32.92735534168712,7.271578580750327,0.7601366091481441,,17.94015305014204,1.0845371497897704
2020-07-22,0.7392064193406851,6.922336472722898,8.15121430444394,7.444713033699782,0.273645403928307,0.8664230906671588,2.424123847959842,6.183709205408273,6.9831930433851,32.90501049772848,7.289920495138785,0.7636818137298692,,17.92794971380622,1.0832893934215249
2020-07-23,0.7435352151008797,6.9325840799391045,8.166408435519982,7.443818757660207,0.2793494041739339,0.8586712521220167,2.4179298458284264,6.182572203288779,6.964119641693667,32.89131998243393,7.294890528078382,0.7556915295091567,,17.896322526409808,1.0927640989214404
2020-07-24,0.7409713734572041,6.942763894299003,8.18281536185114,7.45499021126596,0.2657023311325273,0.8635921102585306,2.4186787395111,6.183470428402934,6.95498963185191,32.8779916554925,7.2960636378543695,0.7394895219218369,,17.88224473269676,1.0960385246169049
2020-07-25,0.7456443569828056,6.954072588872829,8.201487880154227,7.462101225908223,0.2620605174470856,0.8857869832039184,2.4139317591222715,6.187655766604428,6.955094749353037,32.85574220337882,7.306834982786397,0.7406290381724302,,17.854639187011955,1.101439072929898
2020-07-26,0.7396642833157716,6.9688136911272665,8.20278938287802,7.469515706282464,0.2490592854899185,0.8883826343442542,2.4047912752580696,6.211319599039645,6.949174953332573,32.83957784632941,7.307986881661774,0.740131124062546,,17.831037683252312,1.1150686324475665
2020-07-27,0.7463054313069064,6.971751616931949,8.222892389369893,7.473668921715432,0.2477538214978272,0.9049378680848136,2.407465868772241,6.226429561424122,6.94363684550446,32.81426600550914,7.319440864640184,0.7501713542163002,,17.821400563802943,1.1236888923861224
2020-07-28,0.7409818477024426,6.9794072938538845,8.231329405372206,7.47607604618824,0.238627682187865,0.9046487065195902,2.411488769374148,6.236691757970544,6.939900884432168,32.804214476548665,7.328981758991076,0.75608321705555,,17.80475666484279,1.1354730810474802
2020-07-29,0.7405169693205963,6.998705306204074,8.242316210294302,7.484058374262824,0.2398715824761622,0.9210250888014798,2.408706310252008,6.245482913729375,6.946302932295666,32.78244131323018,7.336691548019642,0.7415701650805699,,17.79522264791546,1.1484054792028608
2020-07-30,0.7286497293321325,7.005362653922828,8.251478860198702,7.483288145271295,0.2305670597805355,0.930654987599711,2.407465466583992,6.259049133611213,6.944619080699664,32.75329779032665,7.337703752059691,0.7315538982042088,,17.774704832413086,1.161115869315313
2020-07-31,0.7388235560930202,7.021882690530499,8.261778805087353,7.473490055437296,0.2379298321838574,0.9382874687009004,2.4050819262031147,6.265808010870363,6.933640609644847,32.72794443975771,7.339315603681758,0.7318818103462847,,17.760783171482696,1.167986357225653
2020-08-01,0.7319476574689592,7.033650131624968,8.275656378229494,7.480599087134855,0.2416373232641944,0.9367658762512728,2.3924688466389403,6.270886726149675,6.936423459559741,32.69702702267301,7.337494793487924,0.7312608305826598,,17.741810756131276,1.1704503661524022
2020-08-02,0.7284370111767902,7.041597033370434,8.295609867936125,7.479890802902987,0.2297527466401951,0.9433530781140594,2.3916890953878265,6.274510456884878,6.925757760796024,32.67482145582059,7.345631589596607,0.7200759095025403,,17.72810273607439,1.1721481585244475
2020-08-03,0.7305413579012425,7.046745038129572,8.311237172431058,7.469332294315462,0.2279442164641759,0.9477671528385238,2.387133747679337,6.286263769564255,6.930097747328721,32.64698837090483,7.341067857304359,0.7168014387963387,,17.716275966879248,1.184733362140307
2020-08-04,0.7323226451570615,7.0479865809986375,8.319409529100325,7.466286260507648,0.2424310755040394,0.9632700063819812,2.388536461128734,6.290890916891182,6.9321711983414085,32.634956934309805,7.340576083187813,0.7075061082273804,,17.70623413898616,1.1984794994982289
2020-08-05,0.7302514650233485,7.06562369783204,8.329456298495458,7.460710582769742,0.2453568137368034,0.9644041609911748,2.3879592385432376,6.298059986541479,6.927605117173958,32.6177804207018,7.351450244357115,0.7115018177707635,,17.70341398174713,1.2056022270970792
2020-08-06,0.7217921866790316,7.0710486359331854,8.339745062622125,7.45633642759193,0.2462245310658276,0.976058204087956,2.376613850316343,6.311760854965494,6.930375072075393,32.60187782099089,7.356268215337319,0.7082103874391525,,17.68468197856307,1.2101297143089678
2020-08-07,0.7138741496857334,7.074417876686011,8.351690003123265,7.459469090845824,0.247611803571135,0.9726832553017112,2.387178919893101,6.31695740701761,6.925429881688688,32.579899780932045,7.361759466618456,0.7199216395878952,,17.675159150606568,1.216659063064123
2020-08-08,0.7139223637521477,7.075485406197839,8.365321889220565,7.450056836680872,0.2364083430159722,0.9852189513203146,2.386371121408477,6.315916467655509,6.920168269837375,32.55480688239372,7.367438260784529,0.7139796764428809,,17.64576723895646,1.2190983444212256
2020-08-09,0.7057192434610197,7.099954236660163,8.40072101863069,7.445860406435828,0.2298235183326169,1.000041986972373,2.38848468269826,6.320296847082348,6.924276315580809,32.53381422071176,7.372487773671914,0.7106980707002107,,17.62962441059502,1.205527279687315
2020-08-10,0.6989009446785149,7.115995840377049,8.419696990039377,7.437466202059316,0.2282591063952307,1.016891973479346,2.395519557290836,6.331172014042075,6.939664492556084,32.507280142287726,7.365757922057333,0.717837886653609,,17.617122852833,1.1998312965563436
2020-08-11,0.6868611092353246,7.132612277837943,8.44124612997898,7.433161540898789,0.2193707428351223,1.0310602918159688,2.3828705089334026,6.33685860525462,6.945255253582553,32.48213129268401,7.381194118340872,0.7130826551499427,,17.597840509627872,1.194337022654694
2020-08-12,0.6946113934539082,7.150303347582505,8.465923518728825,7.417266462513923,0.2107077138746474,1.0369381792456298,2.3820521790798943,6.34953975892832,6.942274074819398,32.45860360053138,7.38791822908959,0.7064613552445624,,17.593244509486663,1.1919877262214746
2020-08-13,0.683590715691498,7.16291313201895,8.480216329919934,7.419671106344952,0.211418796245378,1.05798324277945,2.3872189296029958,6.361004634427792,6.940397347181539,32.43588610768148,7.385847488993055,0.7051740891484372,,17.56931096850541,1.181174815193293
2020-08-14,0.6684301620449635,7.1586519944668,8.513894313120218,7.41003059116861,0.2179459512054292,1.0672136817901028,2.395638481997993,6.363377627662804,6.9391754378438,32.43754094611477,7.374612187757847,0.7004833580472503,,17.546132348773472,1.1814825471029864
2020-08-15,0.6659470692069873,7.151428112185885,8.538217841652283,7.399165887030134,0.2167984534238889,1.079754062446309,2.39381730397444,6.370912736064352,6.937963859973302,32.43167480530079,7.364292264509125,0.6843935983853539,,17.5344632024492,1.1807001005151347
2020-08-16,0.658621591895694,7.156132328222626,8.561283209581454,7.393113602137949,0.2007628810897753,1.0962217978107789,2.3900936450525205,6.376915468405316,6.938176217970621,32.42848342513955,7.359379906581029,0.6750507401824752,,17.522246233933192,1.1812913991261498
2020-08-17,0.6464902884119991,7.158050195914222,8.582011104240715,7.374976732217996,0.190148306120924,1.1049723414739083,2.3985055096152808,6.385631105394512,6.942370378245551,32.43066859198493,7.359969509951601,0.6729844495265992,,17.516488263380126,1.1726544686893865
2020-08-18,0.6582713089031711,7.156389916897288,8.606527782481582,7.357894066950231,0.1881541909737885,1.1214118833444318,2.389979276864644,6.398795760222238,6.9412325973324815,32.415207598649374,7.346804816635091,0.6832725172959195,,17.518168114131655,1.1550730287335118
2020-08-19,0.6523660705057444,7.156432036200212,8.625445291202599,7.351401916309882,0.1769980958579162,1.1429864910131278,2.388286994810493,6.398890397507024,6.942968629914167,32.400365428190824,7.360219838246827,0.6975197091312986,,17.517796627600593,1.13669756250292
2020-08-20,0.6455372886736707,7.147571722935004,8.65081708680094,7.341752137398889,0.1748699035631472,1.1565481129326285,2.3892556737947994,6.39914796336282,6.94410195695181,32.39439205293297,7.363708212671741,0.690606736803548,,17.519713397009927,1.1074620182256656
2020-08-21,0.6429978875087902,7.151070287843482,8.664821747711844,7.330424136383679,0.1715705638021563,1.1660908497716749,2.3884761297726853,6.395376046602624,6.941012610682126,32.3819488729165,7.361401857779919,0.6945079825967307,0.1495437485964712,17.514296683559763,1.089673173789416
2020-08-22,0.6428538362321825,7.145179812696404,8.6857374227133,7.317661007530096,0.1731868891295808,1.2055187914059011,2.3799987695815608,6.404109430829532,6.935857684770956,32.36777818127929,7.359033417202913,0.7017380311982634,0.1510865097287126,17.521129228716056,1.0653077382961889
2020-08-23,0.6443487467456557,7.142468534663145,8.718576657503148,7.297398177771618,0.1687717355423512,1.2287110467994125,2.375679108736746,6.405834195526819,6.932784425478918,32.36141984584308,7.351941739095394,0.7077463351308662,0.1464392311998043,17.51768857080125,1.0471591076829982
2020-08-24,0.6379012898342362,7.13073172523515,8.7281299200988,7.277630961684048,0.1616698104757898,1.257887406435139,2.3743553584539243,6.426206845481207,6.940226316336398,32.36409023001489,7.358727279002025,0.7010518579522521,0.1592947839094964,17.52523188587959,1.0151770962293585
2020-08-25,0.6459779436807846,7.129419256867784,8.738183676687724,7.282703831267852,0.150254658630432,1.2829020702466842,2.375989666631723,6.430101552267667,6.938721583488517,32.354441083735495,7.354458887748001,0.7000136977756922,0.1622014181590941,17.514170391079425,0.9857767391299436
2020-08-26,0.6498126033088548,7.127775454525523,8.760748523899103,7.2632227558270355,0.1449701602042546,1.3012393097588284,2.365931983005353,6.450489497421739,6.946352705334241,32.35050045234698,7.357522092463388,0.7068403272869871,0.1735645014074239,17.513583410154208,0.9628010800320153
2020-08-27,0.6463311233830533,7.119567836402057,8.782019463587432,7.246975009526035,0.153226724746791,1.3283632690607856,2.35469920766673,6.449178965515077,6.943082370468192,32.34578879180462,7.365895195331892,0.7170848525750352,0.1767276781642268,17.507889158021925,0.9289850163841342
2020-08-28,0.6468710943391909,7.113367036658566,8.796617852761797,7.238053056702405,0.1512282070283527,1.3515882781880182,2.357999861601118,6.45302628125396,6.940319811640554,32.34222166830818,7.3785753466184945,0.7221058762020298,0.1748951827600846,17.489248005039485,0.9083569319700956
2020-08-29,0.6473139300449646,7.106896519089881,8.81558161869813,7.228174617049557,0.1485352498763274,1.3722202163453203,2.363131062407192,6.459851565092072,6.931747831865099,32.341461127623084,7.381754442615289,0.7154001094157244,0.1898253854694233,17.47519117800719,0.8788302511216353
2020-08-30,0.6455220065376972,7.104245035738159,8.847284817771863,7.223379935776225,0.141027323371706,1.4049635241980758,2.3626384380538896,6.473817704695242,6.923987777089483,32.33354404536605,7.396330204054216,0.7177066327725299,0.1928950633680764,17.464540314411003,0.8414543214119823
2020-08-31,0.6510139588329844,7.091470806144752,8.84865773070147,7.211226077624558,0.1386616424612289,1.4241280350830117,2.3735737568237734,6.48627372138688,6.925002011153523,32.33658209640269,7.409208490579746,0.7169843500599465,0.190936075897791,17.467515991203175,0.8178492510188644
2020-09-01,0.6549477983080126,7.065977079434603,8.850569525888776,7.20628851881544,0.143768561190847,1.4440759676251196,2.373556331749508,6.498108192420177,6.942360529800084,32.33642816953304,7.41253511110494,0.7164882827845622,0.1942107815206632,17.447887642155308,0.7998718911463066
2020-09-02,0.6598812828820503,7.060030216301985,8.85983886019559,7.2044078282691775,0.137647472548519,1.4678957253693106,2.3723189459917084,6.5148093893608525,6.946049837873232,32.33943342173839,7.433114140508651,0.7237522965543927,0.1912290549920484,17.434517011447163,0.7876521997852883
2020-09-03,0.6590055834887804,7.046719594029317,8.872047190845642,7.191916099501086,0.1392092840278363,1.492386567158615,2.380386696017562,6.530459675275093,6.947781123825252,32.33948906568936,7.432224205256114,0.7147891128021108,0.1984429589522267,17.42753709624093,0.7728447950126618
2020-09-04,0.6673377629732626,7.0397407770415485,8.872584880339858,7.192269522920051,0.1259754258487,1.512207073690078,2.374009622231497,6.541305091749066,6.940126583819182,32.337194558637975,7.430169173212393,0.7156081616786798,0.2046800631746227,17.42682306972941,0.7506980116842811
2020-09-05,0.6690681808663703,7.027328438747905,8.878289902427614,7.18832826238274,0.1274466487129857,1.5371748522721078,2.3737109358322788,6.551514349357466,6.9444804183210165,32.331669509142905,7.440806587428002,0.7242678392497611,0.2069312263840957,17.42142798867196,0.7192920457595892
2020-09-06,0.6694296200544178,7.009243593773319,8.890650453646014,7.181569345959151,0.1293972719063665,1.5560079519640773,2.383049516530615,6.571175288318129,6.940799681659027,32.33174629913205,7.447260759525155,0.7277217710018097,0.2084005630995274,17.40298068547817,0.6977399864275662
2020-09-07,0.6658957383470251,7.000958225360364,8.8981474636391,7.16672362881384,0.1349401633315707,1.5783766216855954,2.395067879171489,6.572946054926813,6.95067790047889,32.32874371185013,7.440403595551075,0.7335908597531954,0.2154108354006338,17.378294042023427,0.6822801836900051
2020-09-08,0.6629046809099102,7.0072807428686055,8.91803288435779,7.161379246405706,0.1357323559194069,1.599689905864314,2.397868532137407,6.571955832852029,6.952270171325088,32.30629514928066,7.446214803179624,0.742171813803947,0.2250031432921058,17.362005326777243,0.6700997187842713
2020-09-09,0.6657733829543899,7.009867502243568,8.946343934182087,7.171176270199712,0.1293914285465862,1.6031887198960053,2.3857606852341924,6.574269993473048,6.954632205673212,32.27431190773963,7.450000360978667,0.7539139430256507,0.242616163570937,17.36886797914429,0.649771608201587
2020-09-10,0.6721170918347648,7.000994699192098,8.951812964650152,7.164812214205667,0.1211707936302297,1.6079051215000908,2.3815820370459333,6.581846460957848,6.953847117417414,32.24367761831457,7.47771045132204,0.7506206213462395,0.256551986538586,17.372855259833408,0.6332332574634437
2020-09-11,0.6710805950984188,6.994198103044365,8.959457034760407,7.154686893179386,0.1141407360236398,1.6150637811235078,2.373876136889752,6.582041479842759,6.9457176632953885,32.216867438195486,7.489856568969247,0.7458117175371586,0.2716298732834373,17.381477780366527,0.615887680136734
2020-09-12,0.6704260731682832,6.99234807864012,8.980972797131367,7.158146417693349,0.1175942341717452,1.6243585071828388,2.3707027032423853,6.596536288751596,6.942346016491575,32.19210521874079,7.496136628840901,0.7273390421755032,0.2915268674725495,17.391464731269945,0.5915136631382627
2020-09-13,0.6741550026815877,6.982323860555602,9.007096727765632,7.159489368033071,0.12073291237047,1.6231379282311136,2.37000307486944,6.601848849142078,6.946865083737932,32.16471778641482,7.498046932050949,0.7273725690804635,0.302169973741727,17.398197970575726,0.5814231132254526
2020-09-14,0.6732793823276537,6.968075919345727,9.039617273722214,7.150860731421014,0.1152075617857495,1.6259692689878558,2.3770347409103136,6.626203390419361,6.949259895039943,32.124444839769055,7.494303603681006,0.7163271985343358,0.3115254567279401,17.383432157182078,0.5782826562098471
2020-09-15,0.668310160451077,6.96561883561287,9.060857137232668,7.156422409166228,0.1108042192029963,1.6228091833348357,2.375804114562019,6.631619759786214,6.943394760401468,32.09503126632875,7.487185334125433,0.715690185023974,0.3294250641664889,17.378581742329786,0.5647343780220556
2020-09-16,0.6647021993545111,6.963734894014304,9.083854592109544,7.149154478415864,0.0949529693939724,1.623771396083442,2.373986996203957,6.656287490128687,6.948511163516805,32.07027381523454,7.486470948352937,0.7120045888078465,0.3371566612145323,17.378219368495746,0.545809317465749
2020-09-17,0.6632147869987837,6.956716241916692,9.116406264729244,7.137875441241383,0.0906774301519928,1.6280097315465754,2.378698125308411,6.672645204675591,6.940755649811905,32.03919409359899,7.476892722902235,0.6954065474433861,0.3456187497060954,17.37118339574757,0.5384266419649798
2020-09-18,0.6700978366065833,6.95109202143042,9.143458223218833,7.145840881446048,0.0825839103431611,1.6328533037298056,2.366468145393771,6.669068090191596,6.940624246655613,32.01653009388468,7.482668214521096,0.6861247183231169,0.3599285233502377,17.3671157680658,0.5304740426853789
2020-09-19,0.6801640759328171,6.939352961625874,9.182181516959824,7.14722535777588,0.0857609426241289,1.6332262203039176,2.365239008464704,6.695618796747817,6.933444483318609,31.988535921515584,7.498936379334115,0.6844601068821392,0.3750363939571575,17.36095870953764,0.5138127516236258
2020-09-20,0.6826541297431751,6.937442277975668,9.211646968636414,7.14499369439484,0.0914505318533267,1.6464288815354684,2.364874098681476,6.707651080250326,6.940026960944111,31.972303524930524,7.507769387547985,0.6799869873421951,0.3813549826773262,17.368678575363575,0.4983409241026967
2020-09-21,0.6845602604530688,6.931572714271766,9.240478290412202,7.141018122204428,0.0948573571342175,1.6551641799776098,2.3699726658574645,6.724818482320381,6.915364113917284,31.945234122422548,7.519451033513189,0.6723536017887954,0.3951716010225037,17.368114161499093,0.4918773397004347
2020-09-22,0.6911991558773127,6.9230485972616025,9.280043559789895,7.1307446837544,0.1017158514607101,1.64966331057331,2.370117924701161,6.736591787300375,6.888447536489588,31.90804532042584,7.520208104131622,0.6814369316230257,0.3946019030176517,17.354251214370045,0.4757025133349152
2020-09-23,0.7016258354394309,6.9181344441909625,9.309343987095207,7.125212808912526,0.1086422662476608,1.6589222820122669,2.3670669352464717,6.766973720477403,6.8797875308368805,31.88914606022804,7.5245630421032095,0.6654306092823087,0.3964548964456877,17.363046288200664,0.4698904861450439
2020-09-24,0.7016865291020178,6.911598352169178,9.337257480834918,7.128915662861762,0.1103079199108301,1.6652345101554265,2.362292187881448,6.784245650549492,6.864342447278907,31.864076012851942,7.535155814498937,0.6618832179728819,0.4047732515369264,17.36145526787555,0.4614317113362061
2020-09-25,0.7163494408984092,6.912568096020587,9.37572757719068,7.12843502189024,0.1074674785607723,1.6763600075090144,2.3710824359853566,6.794554066298578,6.852923365548781,31.83352617191126,7.53170595523809,0.6580126940215912,0.4277544874184666,17.369409069064062,0.4493061603543695
2020-09-26,0.7041402937394766,6.901672661440722,9.400237519785152,7.123476069688415,0.1079226869282186,1.6773541647560406,2.369444820912105,6.816645848926526,6.832785654705641,31.812245593740325,7.529621581481944,0.6500164987378405,0.4328827944634506,17.361839521219647,0.4422463371264009
2020-09-27,0.7081770549325986,6.891834765913283,9.427197290570854,7.131417587896546,0.1059013929017622,1.6819369822376096,2.371297439926172,6.820889226145301,6.8130891696366085,31.782633221594104,7.542220595398639,0.6358546031076555,0.4518904091560292,17.347984636743103,0.4325128453054111
2020-09-28,0.7127668858690063,6.891746481418095,9.4729093140739,7.127676410330854,0.1035854982335015,1.6787201167970485,2.373883361333369,6.847742281750038,6.785882344463531,31.74128523193516,7.530057750821633,0.6349136758055097,0.4708362472351058,17.341896188435214,0.4270071867137734
2020-09-29,0.7138614957236953,6.881483189586162,9.503149140984162,7.117387702853394,0.0992655249308562,1.6808752520792325,2.392534826572676,6.87848399853686,6.761119167487864,31.705047885939205,7.52461838809399,0.6202969144328224,0.4852166969514854,17.344367889779694,0.4320875942252291
2020-09-30,0.723019915207605,6.8791523887766,9.528755754667827,7.116706661953394,0.0988824339318002,1.674573717792638,2.3878605037471106,6.898315644924317,6.740719047471603,31.658931352616808,7.5265190941619,0.6067782065195029,0.4993347778397399,17.35425927133661,0.4386658502972242
2020-10-01,0.7263641654546104,6.878259547088074,9.546851630267014,7.108070923173868,0.1003035944932122,1.6832094624628258,2.402075759975681,6.925290437372385,6.71777832768618,31.633649553907773,7.523656129908761,0.593322665545596,0.5178092877822494,17.35904389440208,0.4432888425038259
2020-10-02,0.7274343575133824,6.881077425104338,9.569290306513038,7.11967286198428,0.1052922474332266,1.6806405121199437,2.3999261008536004,6.955519150398181,6.704748699716354,31.58897992445717,7.52030043028743,0.5835938626306731,0.5236580140356614,17.353193994540128,0.4512399068478648
2020-10-03,0.7561652476938328,6.870883877040871,9.593469975169311,7.108948039403618,0.1075883474184969,1.6856772832305036,2.399918568978208,6.978619130030429,6.680459006352421,31.5599820617468,7.524290220536596,0.5741702497400648,0.5441813361399789,17.343834442509017,0.4517548818074209
2020-10-04,0.7691693350991615,6.861742575417875,9.614344917613533,7.104977895707674,0.1114433073966836,1.6848698074705066,2.404749642746727,7.00422320588281,6.658341520045884,31.52581428129328,7.537466054696973,0.5775835401474322,0.5658816275969081,17.340954998516914,0.4563835045657328
2020-10-05,0.7628823310076914,6.842284074372154,9.634787564907716,7.115590692278176,0.1165435956786475,1.6869011471295798,2.397165228500448,7.031072067447323,6.616317934100432,31.496743813413893,7.542624810996877,0.55725002312603,0.573352904384647,17.343442215591356,0.4678832692061
2020-10-06,0.7588338791410927,6.822766174780024,9.65404438247154,7.134031328580112,0.1204028593870697,1.7018922515114263,2.41971504235922,7.054196639066792,6.565665534163282,31.45819928851341,7.560803074813465,0.5461236224887153,0.5699618707215105,17.331406188248447,0.4657567070087636
2020-10-07,0.7648711337547496,6.797983260577732,9.675291386322735,7.1488941279179725,0.119091204306193,1.709973871048145,2.435695197171205,7.070066499241944,6.520229054005634,31.414024791526163,7.575016127313413,0.5376089001089108,0.5656603846914913,17.34192978396535,0.4648090587856024
2020-10-08,0.7757909899838781,6.785721673705202,9.693147823385832,7.151821368980479,0.115047485172782,1.716905555595974,2.4333659137687613,7.090165079589177,6.476782276626264,31.37379106590018,7.582065650856728,0.5499935307049393,0.565833599404679,17.33253598924546,0.4580972542708219
2020-10-09,0.7796197980332886,6.777409299480274,9.70114963570819,7.164323747575108,0.1073809654740023,1.7349568801749755,2.4495346507305094,7.119435464719961,6.435935586722461,31.33813605937993,7.598495323234282,0.5423705370419873,0.5766512099765685,17.325601721590196,0.462106511051948
2020-10-10,0.7881573712965146,6.775684507901928,9.711169015660708,7.179190554365465,0.0887169363122351,1.7393726295116632,2.450384625152152,7.1464921671389,6.394676066565558,31.301844751179416,7.611028698346667,0.5437080107911622,0.5794986697377623,17.315759254013802,0.4666193835900568
2020-10-11,0.7952147106236139,6.756739872075306,9.731584643019376,7.1931540119743,0.0934163569295481,1.743379912564832,2.4543911879375924,7.177890409667258,6.357513587890109,31.26690178581977,7.623873233261063,0.5394861497055524,0.5855111668336344,17.317758757832017,0.4771780156668355
2020-10-12,0.785294542983192,6.741707353629492,9.754533604361544,7.209849561576397,0.0945208523252702,1.7565530189601273,2.466969244189806,7.217352698892158,6.30243559941152,31.227118352780817,7.640551333023733,0.5388604039061102,0.5812824128936978,17.325259701865296,0.4816250052066569
2020-10-13,0.7961737653719201,6.724154229869806,9.76461051125906,7.229877056627864,0.0924822573839494,1.7712604061629147,2.4759341120777,7.247864539684077,6.247977577926031,31.20128390301341,7.651272002571501,0.5421375035060252,0.5785031222834014,17.329853374764355,0.4894375599389413
2020-10-14,0.8016349880985628,6.695244971331122,9.780683430844496,7.2454488775491805,0.0885038029835529,1.7770224192522064,2.487934575171976,7.279451650889039,6.203701466179943,31.178756091328108,7.665688939287596,0.5332692923844812,0.5807414907964423,17.33090194544509,0.4828057673998064
2020-10-15,0.803838610569444,6.674112434518861,9.812999906497542,7.270329282102797,0.0864031446449497,1.776438822510262,2.5035567610195595,7.318015596110089,6.152318239495102,31.142769054155167,7.66441062347617,0.5289471876379264,0.5832619793705875,17.329408781100508,0.496619350593726
2020-10-16,0.8036543457612864,6.655414428913867,9.81538995235698,7.281489711025092,0.0810513126565529,1.773281690150472,2.531447845888609,7.354500194903712,6.10354513301814,31.10564817733684,7.678418410006828,0.5301603780090984,0.5788642889873666,17.323807388800304,0.4985481866832683
2020-10-17,0.8029565462056403,6.641086968148225,9.835586855854908,7.297990391130985,0.0797785502721959,1.7913172909606516,2.537317532998446,7.379940246457331,6.060032080862009,31.07691031704901,7.691591188832505,0.5286055734159701,0.5853797633424258,17.323309578860286,0.4977132484030694
2020-10-18,0.8030094750655156,6.636989867474775,9.839066126672774,7.315086931353653,0.0811810804037085,1.7987944989947524,2.554193899565322,7.413649791635518,6.016434672590186,31.038613382042406,7.691419684998714,0.523976193721085,0.5875073310600714,17.322508108236732,0.5005493657103608
2020-10-19,0.7970809388436014,6.602693920535339,9.854258396962184,7.332101575347153,0.0711786285289591,1.8026008458512388,2.5771095748893464,7.454403461526757,5.948106310719746,31.011748894508685,7.693291391270136,0.5193313805219468,0.5927429547707922,17.32804645584814,0.5108715936752503
2020-10-20,0.8045051382023012,6.591999882997902,9.856680869201869,7.352027597710554,0.0701284320051628,1.819025511609168,2.569924629524857,7.4882718877819645,5.893815706108164,30.967817445269823,7.709044002571521,0.5153171848417138,0.5918595907998094,17.336567070294006,0.5236372900895744
2020-10-21,0.8049925483598357,6.563308899539046,9.867220947216396,7.380379983543787,0.0679919517281851,1.828680217268408,2.5798966605832776,7.529816642569702,5.848738805145313,30.93504945088332,7.723901166502236,0.5012254009699341,0.5958191563990937,17.33627611761622,0.5322006185130517
2020-10-22,0.8041557943906138,6.5364763121321445,9.877499502756155,7.397663192790064,0.063117175495455,1.8285634659099737,2.586154808517425,7.577589266844214,5.793541260768335,30.91086617896703,7.729997073295443,0.487415109061776,0.5978154047071158,17.337350509755865,0.5500385469230992
2020-10-23,0.8155728779532476,6.520982680509749,9.899028696852277,7.41503673855062,0.0633942792398387,1.8435137664064236,2.585245433259218,7.597984453498528,5.768285227170416,30.88984425080745,7.731238438265728,0.4854428086912193,0.6042531698707146,17.327960438079543,0.5592167538018027
2020-10-24,0.8144693982983872,6.491854715945349,9.904486528891018,7.434917968947912,0.061550450178779,1.8469105042478176,2.5912035371236546,7.613043490572046,5.728578433973028,30.89357434351558,7.742948106361632,0.4737963922063473,0.6187655495662857,17.32471972017059,0.5616481153499489
2020-10-25,0.8155609073549881,6.467431585774544,9.916357129095587,7.438594545058083,0.0650638820638082,1.8563750978401,2.5936826578510552,7.627204956341946,5.684531174873473,30.88612790691074,7.74966170223749,0.4598067114712511,0.630853307994145,17.327958325828178,0.5719425062861355
2020-10-26,0.8056082381483551,6.459756305523705,9.929941494576706,7.442185035745007,0.0680670984250385,1.8728592402059092,2.601404714504536,7.637895406246436,5.652141844021196,30.901908656080543,7.757113502842374,0.4502711465552632,0.6475220355879516,17.319304396221547,0.5822374012160819
2020-10-27,0.7936671589302284,6.445766938024857,9.933388784509589,7.436812528055383,0.0645047584937697,1.8993726769102184,2.600240743818669,7.646227237052544,5.628075465779051,30.906809980266463,7.755314010069122,0.4435760143054853,0.6527394622240451,17.317330197643898,0.5839401737259202
2020-10-28,0.7873540770400134,6.421642412653634,9.945987000111137,7.451302568225408,0.0597931381372204,1.91126191918938,2.620639821774181,7.6561242492808095,5.611021175128172,30.91950991678968,7.764104540709853,0.4447335884195872,0.6542011731109649,17.300773887900334,0.5903376590106417
2020-10-29,0.7889327510506272,6.407335267900053,9.947388222762338,7.4611128941980915,0.0627450156289697,1.922123949789967,2.628441371530144,7.659781516268715,5.5911279657646045,30.92834958780829,7.767219375484951,0.4432270179417479,0.6565503354558787,17.2926191546914,0.6101769884701728
2020-10-30,0.7702361139356048,6.37877234137629,9.950162374598436,7.467412218058418,0.0529305127729431,1.933427819225972,2.642500122923672,7.673915577403482,5.582015411367325,30.940580448304985,7.764610717835198,0.4112744125268746,0.6610807674779544,17.277001140257198,0.6106768786862148
2020-10-31,0.7618681636979797,6.358477628530431,9.954484282420562,7.472664958337906,0.0576175392120648,1.9456892051216583,2.654221596776774,7.695502966135302,5.553661075042712,30.94822262150561,7.770940576803229,0.4012893379403905,0.6727465294677936,17.276083049192717,0.6200216924158348
2020-11-01,0.7608075801560401,6.34672491376182,9.95800666385354,7.471108888036594,0.0712874189909377,1.963648548583898,2.655769930985421,7.711274309688233,5.528836384704046,30.953199387982185,7.77884220002736,0.4015283982710677,0.664177654876012,17.266797301801237,0.6286418887358863
2020-11-02,0.7537128551216763,6.332938354183327,9.974974805791396,7.481943124328027,0.0679736208356814,1.977846556079212,2.666987061115629,7.7249182459417405,5.5126156810335925,30.96406780625606,7.778716288095572,0.3890238101933397,0.657356146120586,17.246570876502265,0.6479803965794306
2020-11-03,0.7485719088927658,6.320205753798588,9.991805190870569,7.491090455888146,0.0687933405932136,1.9835236227988944,2.6756238406475914,7.725554837985888,5.496192455502075,30.97863773361589,7.76405606487691,0.3842204337769631,0.6632499379133305,17.225635689980848,0.6440615722204581
2020-11-04,0.7487259341681718,6.306988107302335,9.987381429533292,7.506279859527154,0.0794273659155033,1.9853795653175492,2.690441415585896,7.739731534003486,5.4736640864009605,31.008481545161334,7.776807670996511,0.3721533220956984,0.6612596621774515,17.21937815914246,0.6473011139485834
2020-11-05,0.7396234366646249,6.2928075825847865,9.992145184825686,7.528143932792049,0.0756376633894078,1.99653732810641,2.687977361750105,7.755871889337923,5.454217298341661,31.018503465919213,7.778045464940727,0.3672304799217238,0.6562876998100887,17.190095329460213,0.6545792233457552
2020-11-06,0.7204381208923348,6.286396233456531,9.989500768269137,7.54348945830913,0.0847010889126374,2.0040287306129696,2.7032767051592472,7.771235715739884,5.428925424914731,31.03295734562128,7.776888134839397,0.3663746639562835,0.6586876698888272,17.167725554932034,0.6589129199977884
2020-11-07,0.7214565104414437,6.276095216478081,9.991693329696597,7.559333606131847,0.0855519953525706,2.0134379734293697,2.711735795414496,7.777015169459877,5.407911518969642,31.0375679039821,7.783959871762726,0.3536853921291523,0.6631429485557414,17.142998851257733,0.6656713671927877
2020-11-08,0.7196497804107098,6.260034271230251,9.995478602013748,7.56708921829732,0.0819374999160909,2.001271707213206,2.71833018110949,7.785753485650654,5.403652220042776,31.042090869007595,7.779456052156369,0.3462922575074253,0.6550887605584935,17.115895777879,0.6791973280745738
2020-11-09,0.7070842283478236,6.251664837635979,9.994621203378392,7.582359189603715,0.0893780006231365,1.9884681550239325,2.7484961551546547,7.802023248163638,5.402479068080604,31.05207078012143,7.772128224971372,0.3420980315449858,0.6488291709672264,17.090384424373603,0.6738485940828173
2020-11-10,0.6951915713058456,6.238083320973298,9.994761170854352,7.576180859501866,0.1039537350483698,1.981651005295796,2.756376534648417,7.809777457993525,5.404442081665359,31.051129199574863,7.767823771318612,0.3419519573493121,0.6536899760774664,17.05927549508209,0.6727396721042935
2020-11-11,0.6895867803883965,6.22739368532871,9.995903096134404,7.583657841840287,0.1079744837948195,1.9789550962506488,2.763283884793556,7.813725287894496,5.400186975251236,31.06437539526629,7.763245803748005,0.3312910463283312,0.6554540627556074,17.037814033932655,0.6737407379803765
2020-11-12,0.6852022232208508,6.210213801541901,10.001063566418672,7.596512346632666,0.1097762070072123,1.979732034540054,2.779619843195104,7.822595483543026,5.4111337811879565,31.050969025865285,7.774238214948259,0.3270154500686818,0.6555738559546233,17.02742132968296,0.6772654292713618
2020-11-13,0.678472269723477,6.203042092873389,10.01434976059458,7.611367085484211,0.1115739089914563,1.983644812743556,2.784033006712113,7.813208458218364,5.421932647525205,31.04881754771552,7.781564674709818,0.3205735503706556,0.6426475416894891,17.002073909089333,0.6725518972586404
2020-11-14,0.6843288346104783,6.205350590599172,10.020047300040144,7.622619332877937,0.1111764996182488,1.9879480761404968,2.796297163262169,7.814495682104089,5.421056665787772,31.040737515594635,7.795634102706086,0.3159005854140271,0.6526400579849667,16.977040497391855,0.6877091601833875
2020-11-15,0.6861754463322624,6.194030983464656,10.036536832927666,7.62997179830272,0.1063421332704052,1.9899208458175768,2.8053985270538004,7.821154783024714,5.4172435153509815,31.032136272080216,7.807375305008832,0.3002593732262472,0.658072917379965,16.953103044960255,0.6921335920763252
2020-11-16,0.6855758253090869,6.194817267325912,10.063120591151314,7.635066995605607,0.1183984740127241,1.9787818182324688,2.813467533320672,7.843484120708373,5.42973506406419,31.031520988130257,7.804653597813458,0.289050276512964,0.6565692555450849,16.926483102623745,0.6766947075230055
2020-11-17,0.684200396927356,6.195359016895238,10.0723704195982,7.62445425335385,0.1166775725302348,1.972454259361471,2.8319553570181264,7.852155167211287,5.440672462502604,31.029963357353044,7.792609700965381,0.2893304228256658,0.6600629438679484,16.906092709908553,0.6731827484366197
2020-11-18,0.6772709718933723,6.182323268388636,10.0974209159223,7.624504188442016,0.1176060902497944,1.9749617489953923,2.838991912335618,7.855618513738267,5.466381382656136,31.03693319624164,7.781360796469093,0.2930382767606021,0.6502972308919871,16.899162904967817,0.6633559590226901
2020-11-19,0.6825359769399968,6.184850291173747,10.096903846873673,7.623314999608662,0.1236813593980905,1.9707101563264775,2.856549272570933,7.867639560168156,5.488918914401093,31.035435832585595,7.7803372388565615,0.2919824324954046,0.6433295336364162,16.880758291062083,0.6548507224465759
2020-11-20,0.6804654245808403,6.181517917527981,10.107730779376386,7.618180654527314,0.1181340390895848,1.9649403412195483,2.8644173975440737,7.863132673850673,5.517271584831943,31.041753338466847,7.781312744539401,0.288106352309485,0.638965468045097,16.86919212579724,0.6413574328751808
2020-11-21,0.67795924604638,6.17157967310872,10.121107297884953,7.613287317938488,0.1098194047912021,1.9560264920230983,2.873357895420672,7.875322841601532,5.535905319618078,31.04057524183004,7.784181870320508,0.2742818857817129,0.647350887784104,16.844592586116555,0.6394111817997786
2020-11-22,0.6744672091126088,6.159929494608034,10.131534931805607,7.607139994690638,0.109046045977266,1.945863305380297,2.882228236903223,7.880108335180805,5.542072496354231,31.040139793662988,7.780085540917333,0.2682900263629491,0.6417226032681697,16.823607287040925,0.6261944916659257
2020-11-23,0.6708792836238274,6.179130378150694,10.150924928151564,7.614572169141574,0.1095624832572098,1.9373611722445727,2.885271830074484,7.888860624256465,5.557212958368462,31.06125491722301,7.766433482962315,0.2668609919155715,0.645911907774267,16.769268507659252,0.6217957420232344
2020-11-24,0.6555281248280067,6.194795925550839,10.16823404468138,7.608699741757055,0.1102105796188648,1.9246609019898744,2.884723419809576,7.899683710341993,5.570540586878364,31.08427862534043,7.751266025488503,0.2702073670843745,0.6422066274168412,16.73628198866587,0.6215469045454552
2020-11-25,0.6540556263307564,6.19931624928698,10.18503132034232,7.59571016350181,0.1073812020031654,1.926572974862639,2.894523974707545,7.897560592814309,5.587958277910031,31.110344841626667,7.756075606732097,0.2629097749394837,0.6320805279982251,16.695132794922,0.6061655957885339
2020-11-26,0.6424404302875074,6.194694433820622,10.205458005331243,7.595041924179336,0.107277701182867,1.9055717711281663,2.908134860354014,7.91530440082775,5.595480539155174,31.12949713410667,7.756622595767136,0.2513592015091179,0.623291855523697,16.662853458354164,0.5909785988492285
2020-11-27,0.6378546115887755,6.191008518640829,10.233054737465324,7.578154156132761,0.1109529513773411,1.8922306453699167,2.8964785752832656,7.921457557782719,5.600875619664397,31.15663505905616,7.755464502264002,0.2486404629716521,0.622435698813449,16.625309991183364,0.5829786630092106
2020-11-28,0.646821432983492,6.183446513784389,10.243598531169637,7.583987875900633,0.1127918636613735,1.8846508703192404,2.905314571077545,7.921361207871106,5.608389455599437,31.173752972906776,7.750708456306742,0.2468660502991323,0.6312739527624428,16.59724923871488,0.5766022653021843
2020-11-29,0.6495551155291517,6.190730450273298,10.261973209651126,7.5855930418935165,0.1107135011225976,1.8634868939274496,2.9107367952529297,7.929794622382665,5.612604950783563,31.20068257833985,7.759371255662006,0.2403651148162447,0.6334701467333224,16.567883118377523,0.5721589085594214
2020-11-30,0.6579366544842569,6.1914705699094,10.278525211869225,7.576061325148805,0.1043690959325308,1.8546901039970356,2.917604821348832,7.936254667508007,5.615982450708203,31.24254782807594,7.750551516497299,0.2403093995793532,0.6286343903063922,16.521053802713308,0.5600361356108752
2020-12-01,0.6554034713722097,6.185675380200688,10.290527454787233,7.564298213431055,0.1001124469668632,1.844412137858873,2.922735518277493,7.947818676291368,5.622798117806596,31.27132749941444,7.736742098754645,0.2392268802910502,0.6352245068851857,16.462832773625827,0.5514558745382769
2020-12-02,0.663851096547256,6.187501041883743,10.322378642066647,7.566160982949668,0.1058858764868146,1.826516437240523,2.9196522385907984,7.9628901997604675,5.641728930610459,31.30066263469265,7.734821135211892,0.2395106024002034,0.6528699752542625,16.418602928897318,0.542325691250138
2020-12-03,0.6784095521677173,6.185624441615114,10.356756190236949,7.570369080159668,0.1225637768677497,1.817663359285184,2.924355869523584,7.976590825123934,5.648908251923126,31.331037646303997,7.72819897628568,0.2400483648432132,0.6553035208575362,16.366069477777053,0.5468459001706385
2020-12-04,0.6820766622113709,6.190622420775237,10.391421106978694,7.554015143650444,0.1287298647442598,1.8075170772971,2.924781614228786,7.998602779719727,5.65939885597678,31.36013873120346,7.714014226789437,0.2489407212628198,0.6530234472113013,16.311549866550006,0.5484833433704729
2020-12-05,0.6776345527052525,6.1830426826946745,10.414901951806176,7.552573812395275,0.1349369276910915,1.7954466683079966,2.929400355393156,8.01017485563245,5.675840124985054,31.37817608700696,7.704786015945371,0.2617091928527267,0.6653978941958919,16.255027344306068,0.5398570029752991
2020-12-06,0.6680336762959175,6.177185470667716,10.461618317610728,7.543370234856495,0.1413000225148223,1.7856056786788064,2.945165172936836,8.02208972113538,5.6933950962119,31.403325350642582,7.700540565677349,0.2539784729250659,0.6674287845765998,16.207129197466394,0.5295842896507651
2020-12-07,0.6677510374180377,6.1712276209453,10.488779514689828,7.539117396113385,0.1423173426272365,1.7758543732962069,2.9348082208006345,8.04558963657467,5.707571312941056,31.44927616769415,7.685497389345556,0.2661057506426729,0.6690957628463587,16.14171448668365,0.5322096375295178
2020-12-08,0.6608280854389743,6.168968133462226,10.51418498488738,7.535409682394451,0.1480050566689766,1.780892433037305,2.946663567884069,8.07783766848634,5.729691887165323,31.475685057955367,7.669020862430834,0.2699232438767615,0.6658270528547073,16.080748379479044,0.5285792147171873
2020-12-09,0.6651331065886309,6.168916840681806,10.544700243528084,7.539376133170255,0.1493904280180517,1.7595533463768434,2.9253485363979723,8.107621695301823,5.741180691262811,31.49797104917205,7.66968891145343,0.2646791689091496,0.6697023825486844,16.009674970965314,0.526050435458318
2020-12-10,0.6768253207655694,6.168045539105187,10.595236644705972,7.53829030137846,0.1409720297185421,1.7505157461434993,2.918411438643981,8.142173898053258,5.748672174611897,31.52333774037525,7.666269105780249,0.2495315393228349,0.6683125072582563,15.92878780038262,0.5192318460059697
2020-12-11,0.6867826524099996,6.170438257019001,10.623342104475844,7.543979233817868,0.1544718416416496,1.7387304154100511,2.910602222448868,8.16595668469524,5.753759587729813,31.56635163316945,7.644703454669772,0.2497476773110431,0.6795241135389093,15.849336374713012,0.5110883587420413
2020-12-12,0.690236868973627,6.185002534211039,10.664550157734778,7.544881017982809,0.1637559417604069,1.7376606093667686,2.9073713599145066,8.184082887960306,5.738829713191797,31.601152235099377,7.629978937334375,0.2379762534950502,0.6762676601478829,15.773570513445208,0.5070780993125825
2020-12-13,0.6955023484075639,6.202008338664302,10.697681814821768,7.539151304733332,0.1509563420609502,1.7399989966367375,2.8941987666015296,8.212883940769622,5.737314368167679,31.624415530529465,7.624770076408451,0.2288350419858965,0.6771906707637932,15.680681822101995,0.5041846571553595
2020-12-14,0.6997950573036498,6.199447706029144,10.73210603737384,7.543224357451712,0.1464347478989598,1.7306900711250213,2.8994380657090337,8.245663044526376,5.725734721126414,31.640423646157533,7.621382192666829,0.2036080893842839,0.6789302152418374,15.59099841792817,0.5043109493436112
2020-12-15,0.7099413430498024,6.207464614939399,10.778583561161172,7.549864664867086,0.1483863634493281,1.7358482208305026,2.900718890431999,8.277127717865037,5.718404367843421,31.65620354750681,7.619659783942422,0.2176203172255376,0.6706562080479082,15.49131876817938,0.5029239024577719
2020-12-16,0.7153335319989548,6.214606929485766,10.81562379135249,7.561996867747543,0.1557097280239454,1.7280627768161858,2.916878520394761,8.307307310185411,5.713962797563152,31.67694599854037,7.61611258163177,0.2083849498595688,0.6601968592917729,15.398807762560764,0.5069731681611642
2020-12-17,0.7211422653318075,6.223100003773451,10.84563965844248,7.564690292128272,0.1524433433837359,1.724989888464871,2.9149957028040587,8.343222910619446,5.704910909550351,31.697315808909085,7.610943209938416,0.2041007345990554,0.6586350126048789,15.316517139628209,0.499564783325082
2020-12-18,0.729572475389058,6.225451878166194,10.887702554578,7.575179098111188,0.1532114593456751,1.7123415844342096,2.900840937894375,8.3779166821921,5.698091717070085,31.70724507390072,7.623701791155419,0.1890891721863077,0.6421966280565143,15.22341529727069,0.4920538392056535
2020-12-19,0.7293269990059319,6.234030243265594,10.93379722197793,7.578426462143139,0.1471653045028326,1.7221093983048013,2.9072543819761223,8.408293304333242,5.698919743172124,31.7353682209154,7.623376798007217,0.1775679484170602,0.6405576034292151,15.142874067902255,0.4931277212311641
2020-12-20,0.7345281031180703,6.252286010263399,10.982922370566865,7.590237498335027,0.1472215411899098,1.719755910069432,2.905953087987279,8.434174258624815,5.681792237363402,31.747795368064462,7.611072299555526,0.1755864674452225,0.6383264771165778,15.048028669477478,0.4962144200351903
2020-12-21,0.7399997843937766,6.272584014910952,11.012565651108636,7.592249203171436,0.1361244325155622,1.7229889304540602,2.892821171486595,8.460893561036134,5.6779549685137285,31.76058849922753,7.60162933949319,0.1672991796630632,0.6396141988706231,14.955545784420837,0.5051973233437156
2020-12-22,0.7444137711707972,6.283160660486803,11.058960073451091,7.596584008751794,,1.7103914902410238,2.8901503481159536,8.48075540589314,5.670619017322905,31.77424173119597,7.602811682481237,0.1474816308834905,0.6351333844161834,14.860452026130456,0.5099748136139919
2020-12-23,0.7429538745816457,6.298989074530582,11.10447364386293,7.611289322628138,,1.7034126084050103,2.889692504204819,8.504263529592219,5.669702314666414,31.78825912530173,7.600490446938129,0.142597413406113,0.6409271042440866,14.756958046572503,0.5044039618534416
2020-12-24,0.7475009470355938,6.31253707811262,11.139308169741026,7.617151527620876,,1.6978456420868109,2.8924162572627488,8.528032094332321,5.677413838049441,31.801333100429552,7.606623767362671,0.154818417105937,0.6604360603125379,14.65902438790269,0.5157840673510083
2020-12-25,0.7522356317665747,6.3289562551055445,11.17353638028212,7.61851983417259,,1.7018060149902277,2.8945985170632342,8.547150282095142,5.6682601369556425,31.82051043680642,7.607165625874335,0.1458753260867168,0.6720297488027719,14.562913347922644,0.5113632300903026
2020-12-26,0.7545205079000227,6.328298025348693,11.21445035456985,7.625769568667898,,1.6980379874082432,2.904225423942112,8.56931521798833,5.657030097197305,31.84056125921505,7.604481708126854,0.1410768921539376,0.6712748632032959,14.485746162716834,0.5236961741345033
2020-12-27,0.7507644023073609,6.339540580620777,11.245252038798426,7.62702134407298,,1.6943890291339243,2.9136430311820094,8.585960198044315,5.659509192548418,31.858465886985925,7.594485444107751,0.1403938888552797,0.6723476708265588,14.398788155400783,0.5383367669505305
2020-12-28,0.7502488310381068,6.353440156730003,11.27206271574646,7.637020012710291,,1.6969859541721393,2.908319434892469,8.614415251026033,5.652361520175299,31.883690852390167,7.589066081392755,0.1228502217955455,0.6685788975211752,14.312284252654536,0.5407156525141154
2020-12-29,0.7434303932853782,6.360469290372122,11.309375878809249,7.63111069407258,,1.695660996511773,2.894759862865841,8.62133354533843,5.644298310930589,31.89123104413632,7.587228548198722,,0.6747227097593018,14.20560332689156,0.5448881341258518
2020-12-30,0.7395169862761265,6.368453166809399,11.348242811782765,7.632933696966785,,1.6955587961236125,2.8865290388106906,8.638229658967678,5.641820815593762,31.909426178026173,7.582517983482973,,0.6906376719233861,14.105798093063,0.5497803173366843
2020-12-31,0.7442321655434905,6.3739769874829975,11.391624698673604,7.639996267974792,,1.690359590134227,2.883469020920601,8.669020576652184,5.624650360616134,31.91951495625486,7.580352846357122,,0.6955441189691937,13.9902531660461,0.562255338584045
2021-01-01,0.7533668084895896,6.38269848997491,11.422748894592218,7.627817541165197,,1.6943227740436524,2.883796045030205,8.680360498589843,5.619725189916872,31.93402920472928,7.578683682558704,,0.7027930456553272,13.902946673453012,0.5657467296141981
2021-01-02,0.7525222174591765,6.402617376107899,11.458079297936775,7.640818892598281,,1.6983561333571595,2.8848000585813853,8.701810268555542,5.612344181385666,31.92946580113373,7.576838221050841,,0.7039091611091074,13.811291215883736,0.5605750054458786
2021-01-03,0.7514111109992798,6.418768344775116,11.50315088812355,7.64628780941148,,1.695246378860065,2.8833003829468127,8.719202471631252,5.606030769867488,31.949859406289526,7.578427231147602,,0.7139759188915031,13.72310985262246,0.5633234404473483
2021-01-04,0.7619197368717999,6.42872935937564,11.540531962663175,7.640210557887027,,1.6874316022139946,2.8881340373898694,8.742728573091398,5.595136464580346,31.98300532718506,7.570905412871963,,0.7112185135755353,13.61756149567098,0.5558174142315878
2021-01-05,0.7717541537017084,6.443560906139657,11.575609156599388,7.636449819740385,,1.6876789065963345,2.8787396138808217,8.779165749528433,5.601336573640685,31.98714976627557,7.578636874845023,,0.7142195750559196,13.51971179115986,0.5575469522027288
2021-01-06,0.7762510674992151,6.450137902312447,11.626257158097724,7.642354526710611,,1.6958627563849349,2.877567696873514,8.8111636135122,5.586908724504321,32.00289980130635,7.573125978420258,,0.7184227934980798,13.444473336178882,0.5665912160797191
2021-01-07,0.7827694707531048,6.470820404516189,11.678327689746355,7.643068551547464,,1.6943215304661452,2.872254534948987,8.825647328725514,5.575577602523031,32.01907645503613,7.576634956789283,,0.7172784973521935,13.356682146767094,0.5627505249537851
2021-01-08,0.791475088473217,6.493508992619038,11.717647844522173,7.653565786989346,,1.6934428429573622,2.868398376665449,8.85855136598394,5.570485840058001,32.0272700025982,7.583690339785559,,0.7227382631614364,13.255752372835918,0.5646652925990651
2021-01-09,0.79970126673433,6.5030369314355,11.759792022268718,7.648998504229138,,1.688058636304765,2.861406747750902,8.882963255262387,5.556127286908249,32.035454158074415,7.598442274933304,,0.716331687950664,13.176279264674942,0.5739227048830764
2021-01-10,0.7967990229898757,6.517185657729373,11.800175541352306,7.641605151036188,,1.6899412217091383,2.8535269454383907,8.90563004295885,5.547112946200779,32.066394159086904,7.589509723709761,,0.7189448683308451,13.086403809461904,0.5871085205865922
2021-01-11,0.8032776713776256,6.528597605002566,11.848886165117683,7.62938267581137,,1.6903674819350345,2.84687963782354,8.942051281786018,5.54020684568067,32.08106614424631,7.574906641010055,,0.716221813525913,13.020053052676271,0.5872101374404517
2021-01-12,0.8092485945351994,6.532479984288243,11.898784899676372,7.622895904838477,,1.692792498970135,2.839251004175695,8.978582686538786,5.530982128066558,32.10302622747478,7.561969719665785,,0.719419657402139,12.93174539575014,0.5939652936827942
2021-01-13,0.8160131381392058,6.534267073886212,11.94125208321344,7.61534542191939,,1.6925685469394336,2.833737251680569,9.012315644190624,5.520394811614623,32.12216552292407,7.555408301089059,,0.7242049540670077,12.84751154999216,0.5977747461438745
2021-01-14,0.8139282032718548,6.54207230255954,11.981741166261322,7.615529033319019,,1.6833841348189915,2.839659550903751,9.034066553976595,5.510699388133773,32.14055288005033,7.549418527676771,,0.7402194930957592,12.762140978084078,0.60989083401005
2021-01-15,0.8285004876801968,6.549458674039252,12.021646961024766,7.606121871890794,,1.6810681774821097,2.8380629664710804,9.059466622621033,5.506985954992431,32.161805867006755,7.53013694495452,,0.7503473457440669,12.682084937162418,0.6207999578779723
2021-01-16,0.8460712414205684,6.560517611232043,12.075037488353544,7.605927451704316,,1.6825941871190169,2.8326490609228547,9.087593210135234,5.51727391199066,32.18940315057541,7.527259590287067,,0.7495931311495356,12.58640475847918,0.6255704003214416
2021-01-17,0.8460181228037562,6.579756491448979,12.11746013908824,7.603504114172065,,1.6716769794125823,2.8267812802645387,9.11204058867478,5.519391243344315,32.20549003662543,7.523305956889782,,0.7637786409400055,12.50276495959824,0.627843792881288
2021-01-18,0.8480940114306427,6.582461971915347,12.168720383513422,7.592671389962072,,1.668089194635869,2.82794474391576,9.162725234062952,5.506872099533402,32.222281580629534,7.504733654978981,,0.7677432844277282,12.423232510501796,0.6359547058734564
2021-01-19,0.8562470370487393,6.576916927569769,12.223420097264937,7.587448794856675,,1.6537004356024585,2.823365381958657,9.194067654582703,5.49734633618286,32.226961872308074,7.502401470682909,,0.7660927761344513,12.360711961744874,0.6546906180755757
2021-01-20,0.8606400341188296,6.565344404307062,12.281493157467764,7.5826952690254,,1.6522373798233976,2.814719787171078,9.224728823993408,5.496355889755601,32.23162915830303,7.500917471122295,,0.7713311487507784,12.309589004277148,0.6528469198515947
2021-01-21,0.8615380261312181,6.554336686136292,12.335001788390432,7.588515716025253,,1.6461471587566696,2.8035322323196525,9.25407318697968,5.48799019014501,32.25330536921908,7.494267057114104,,0.7687721435636159,12.247679133540649,0.6582283682481141
2021-01-22,0.8749205992888642,6.567484643774455,12.36783447474844,7.594364666904614,,1.6511671490895083,2.7991846759855243,9.27360488459731,5.473331958589926,32.25617790543697,7.475067919136698,,0.7748863641527745,12.197436879132058,0.6572549192145412
2021-01-23,0.8753705953955233,6.564633198027006,12.413099443578064,7.60566436517892,,1.6453358569527323,2.794880630168153,9.288302017049157,5.4332595573657,32.25758793629846,7.469201327785025,,0.7789409148365914,12.155924324330591,0.6556545240560668
2021-01-24,0.8836007663257996,6.574089800046913,12.458699354591122,7.617647722470999,,1.645083100411861,2.8040721255797885,9.30448990155642,5.411027645472447,32.26588029516712,7.457611058444953,,0.7754592695324216,12.104798026058443,0.6505180466661996
2021-01-25,0.8921356021478616,6.589718275325914,12.512049242621302,7.612065945118141,,1.6574295895655544,2.804649820530825,9.333451916493688,5.399328119555545,32.24987073914549,7.441924961602243,,0.7707691395133275,12.04360118821044,0.645997241633345
2021-01-26,0.892207759116273,6.5958642749431,12.564211858478968,7.613765977904202,,1.6508772544349508,2.806737816673498,9.355808097104164,5.377606966008367,32.237193465688456,7.432378931909064,,0.7700224568516808,11.992723142412986,0.6523001079595893
2021-01-27,0.8864399389737128,6.604996498056192,12.608085161977204,7.606137255881691,,1.6416312375459516,2.809371365122704,9.384009009814708,5.370784166969581,32.23860209670373,7.422877933518675,,0.7638297624903773,11.937570624310805,0.6622802407373094
2021-01-28,0.8958009330588476,6.62086859960198,12.664752253093145,7.605978255710098,,1.6565820495680028,2.803587858572972,9.39436028751912,5.355750133104284,32.23192804689234,7.4067097702652305,,0.7545567919024636,11.881380740736477,0.6509758779517024
2021-01-29,0.8864887380879681,6.613622079925761,12.70618373188145,7.609548393937188,,1.654936880115354,2.801614766115708,9.406413029445837,5.326419778178205,32.233642347678696,7.400152294737635,,0.7592559838590316,11.844229604567015,0.6512798044117201
2021-01-30,0.8905270762558353,6.615097979675728,12.753735610345924,7.614309011342315,,1.6342636798545291,2.792612081330999,9.436772705554144,5.304894796608632,32.23533336240873,7.398581319168,,0.7584843481641401,11.795692247035728,0.6531111986880899
2021-01-31,0.8942035441054533,6.6353582446580495,12.791786690368044,7.611350813870553,,1.632002493668295,2.784718091206503,9.456218681284,5.282267422596871,32.246421280398806,7.396707111642366,,0.7693505689308433,11.74943583202953,0.6552933452342624
2021-02-01,0.8860404008113626,6.6344103204772615,12.8462349938394,7.625715005864051,,1.626480781160727,2.773143361274718,9.474029359974317,5.270889645805113,32.25016781176264,7.387819372081263,,0.7615396985399939,11.69204794412411,0.6494771036419357
2021-02-02,0.882800020600977,6.645231241643409,12.89979717205231,7.628956545320534,,1.6300512896025718,2.7675579325357105,9.495723555247237,5.24553189503799,32.26360112532906,7.384290696379275,,0.7531893325856718,11.653202042057233,0.6598381775872689
2021-02-03,0.8783062559162192,6.645147154790965,12.953213404393814,7.630046145342749,,1.629476182335157,2.758695662598368,9.508220031371756,5.2275354183763385,32.27878789854275,7.3769079253026355,,0.7291003244698052,11.603335236623344,0.654374585272157
2021-02-04,0.8712415295404865,6.658280789001643,13.00138784505385,7.6332221825375965,,1.6383887445965382,2.7462614337959805,9.530625629066186,5.204861566052945,32.289874051336035,7.381314043974762,,0.7157758946764299,11.55518216314479,0.6536854412993522
2021-02-05,0.860286365627283,6.656340008867379,13.050512325476266,7.639826143051914,,1.630144392452963,2.738698089848329,9.560017474471373,5.179537472048199,32.29709255692812,7.373936727597642,,0.7058689903726643,11.52135144047432,0.6631275612855755
2021-02-06,0.8412150315480161,6.664629779634714,13.09043034424432,7.64355648526581,,1.626844414085442,2.723283735195101,9.58147744691202,5.161238730629296,32.29860350744765,7.369598895425865,,0.7009896753898829,11.474047907939408,0.6728456442690405
2021-02-07,0.834660449057567,6.674856713768532,13.141113052207269,7.654160005814846,,1.625998004040253,2.714881608292228,9.596944121239485,5.134950189754998,32.31050154470158,7.366607962273513,,0.6863661905817756,11.432668694252738,0.6813401100946905
2021-02-08,0.8284430012625655,6.682052191324088,13.191574752607591,7.64277458600478,,1.625472919230572,2.7009000616840075,9.616667171406622,5.11893546917226,32.32313225610845,7.376030238268359,,0.6803022759137294,11.409206736789937,0.6795244256545536
2021-02-09,0.8248706478462736,6.678544089434519,13.241663500024329,7.645511955887021,,1.6143626160370366,2.695311012901627,9.657002662300584,5.09778139182596,32.31748582416186,7.371453129949405,,0.6532106144583152,11.381367625139896,0.6719449246487854
2021-02-10,0.817904650305303,6.677638501153779,13.286854658777925,7.655559654679603,,1.6208888687328518,2.690057119180184,9.686012525009325,5.087826332208952,32.29753358862641,7.373385318505198,,0.6444361168473028,11.362493611862654,0.6771102327639115
2021-02-11,0.8119068866373653,6.673963205025222,13.323292785363371,7.659205628137625,,1.6284299867174887,2.689276792895905,9.6990698009948,5.078017853443603,32.285123121216266,7.371489705074546,,0.637869479301119,11.340574135173831,0.6910029668658908
2021-02-12,0.807621507175963,6.678185902318101,13.351398405444383,7.658178224776199,,1.6314665546589129,2.6810373898678077,9.722793573799413,5.0701455448922434,32.27076026563595,7.3685851079824225,,0.6478228785374002,11.323764345937567,0.6877750612983506
2021-02-13,0.8074376708222183,6.67876390220271,13.393889107184895,7.652828045065739,,1.6412495614473015,2.6714990370038523,9.749268011039916,5.062804381531191,32.26885920078091,7.37304165323932,,0.6457793238168524,11.2898685889659,0.6928677229582614
2021-02-14,0.8141503466710224,6.6571129514236365,13.445989944446175,7.651570815315989,,1.6455065135920737,2.6597182551742238,9.776171379485136,5.055463342564116,32.250682217625446,7.3687437917337375,,0.6360075582462799,11.259429817147586,0.6980552176020456
2021-02-15,0.7948695720979417,6.640165900902519,13.493061391953598,7.661938137159115,,1.6507140130814637,2.645351235185538,9.802032885719782,5.041000620349313,32.26806428012932,7.378531317315163,,0.6230536847025566,11.224267762707296,0.6925584459528116
2021-02-16,0.7816750094355164,6.635882147395554,13.541440815868691,7.657315126436118,,1.6483651680123552,2.640936499887676,9.82231730128574,5.030961279802935,32.270436646365326,7.395470959745454,,0.611485075848676,11.199412673224025,0.7067565192735175
2021-02-17,0.7758961127736372,6.623385360471478,13.587799393082715,7.655754790791311,,1.6598686625586705,2.629791465485669,9.837240879084948,5.024861869565929,32.25172850631861,7.407393748636711,,0.5916727983653084,11.186000813419708,0.7103254726801185
2021-02-18,0.7728799032855336,6.605875923788349,13.633720595096433,7.646901126792854,,1.6640633649669234,2.6155151908977623,9.85794266248292,5.003432529096116,32.229744087736485,7.406713729942365,,0.5849168982399235,11.161866037731528,0.7123195212797
2021-02-19,0.777450634338862,6.588491482706963,13.686379672617496,7.634921594742535,,1.6758876785058847,2.595096276146024,9.8916973100459,4.9889690367039385,32.219147487754526,7.415832936017594,,0.5862301843469002,11.145093265841366,0.7175099920278717
2021-02-20,0.7632294463910068,6.582395915191343,13.730737003341556,7.619836905413785,,1.679374446148333,2.5910045886804656,9.92018042468265,4.97996621279861,32.21764467948291,7.413111097044398,,0.5827066139485308,11.133880186722102,0.7240835656524489
2021-02-21,0.7528479513902915,6.565472302413642,13.790689624506474,7.616391588221256,,1.6791974581302225,2.5809559671050746,9.935065912015164,4.97221024709789,32.215405782068096,7.410256903107461,,0.5785033223454478,11.115920772651377,0.7198906911312327
2021-02-22,0.752041017084834,6.558698841716445,13.849857087764187,7.616265321953064,,1.6760840526597816,2.5714514362728105,9.952864313726264,4.967049811017996,32.22701520136588,7.405125085361979,,0.577526704469089,11.097047344463537,0.7208747816765187
2021-02-23,0.7506499361977917,6.545828471053048,13.894870651353996,7.616988928563989,,1.6714646610527506,2.5604396425510445,9.974484599780377,4.951464889028044,32.22789788090218,7.403009311020274,,0.5729497185554208,11.078753797122438,0.7323580724259096
2021-02-24,0.7375664097242434,6.530327527236407,13.941342338260318,7.628112712819444,,1.682874942739184,2.548535978442109,9.990267584634434,4.936127972907356,32.23967195163421,7.39620696586605,,0.5714338756795045,11.061900663337765,0.7433923161928724
2021-02-25,0.7336946242807244,6.510915862273345,13.995304736755454,7.645398329638261,,1.6865561804055142,2.539032599248694,10.015489221621094,4.914446531081205,32.24795921069242,7.398547975520869,,0.5571483729494703,11.031939680765802,0.7426597350800707
2021-02-26,0.7392524413578635,6.503735104422184,14.036893697797716,7.656405367849842,,1.7035909026363354,2.5233951510999355,10.04370118407216,4.907072934330594,32.24616492217464,7.395130874254089,,0.5544509795014955,10.999790398355684,0.7425451713146071
2021-02-27,0.7420621040657335,6.489572550082696,14.071727212527174,7.666385641003826,,1.7107398564878475,2.515745259368664,10.07116374744898,4.875353301256049,32.25549681514991,7.402570046111734,,0.559583036565863,10.960453127039916,0.7345992785647106
2021-02-28,0.7428921918041074,6.476383578031258,14.102778673732365,7.674644169650354,,1.7192232118546755,2.502849720865125,10.093399923413315,4.851847680629818,32.24514442230379,7.398125929132191,,0.549343414334036,10.9391042655959,0.7241862469560598
2021-03-01,0.7439478111977417,6.453549740513006,14.14636410092196,7.681478363194641,,1.7216126448454028,2.502663211363439,10.10966621444136,4.833089657180074,32.23397232956064,7.397593675448843,,0.5495841432777702,10.926559579556391,0.7107892622436086
2021-03-02,0.7440404771098751,6.441461439993849,14.184396627282265,7.68333024533589,,1.7214093740624477,2.4905136065547766,10.131751437449092,4.812611965991337,32.21944810356042,7.397673402473432,,0.5492221605039956,10.908765894519904,0.7031350775621962
2021-03-03,0.7443871752916411,6.435765303657497,14.209721204543843,7.693083932857295,,1.7324298762349524,2.476825861714226,10.143797499387787,4.801263143567318,32.21239109396292,7.395439986005082,,0.5409931403150476,10.8896194740189,0.7108870134370069
2021-03-04,0.7428025977315901,6.420057432800917,14.25712866688087,7.689352894982702,,1.7240564476352915,2.4767555124811063,10.141081121958162,4.77645620291311,32.21539936984616,7.402793874510877,,0.5422893720831469,10.88911085639038,0.7103890907419038
2021-03-05,0.736463973153003,6.395513573450163,14.291751600347194,7.693794448263391,,1.7304226020205766,2.460885573287293,10.159640503068388,4.750248286487815,32.20346472877495,7.401480243124706,,0.5308134486579702,10.86644414935388,0.7048177415488541
2021-03-06,0.7296515774337724,6.38409964814812,14.323138733723248,7.696535236774693,,1.743031632992468,2.45840666635291,10.180691441364552,4.724700046775385,32.209759434455435,7.404014166144771,,0.5351551150924405,10.857110852098238,0.7058123265930768
2021-03-07,0.734073729789428,6.376887132374985,14.366694873314824,7.6957222429671805,,1.7385848938223696,2.4558298986024143,10.190987210715768,4.69828964116078,32.20306932948227,7.409128246088436,,0.5375741402781209,10.838434201767251,0.7130824952923865
2021-03-08,0.7343203745413628,6.363171290323396,14.41491924803265,7.7117589296224756,,1.741543129875366,2.447985766329696,10.211087871444605,4.675209484300254,32.19196086764047,7.407576851429793,,0.5329907889420314,10.82315665937934,0.7011872912973625
2021-03-09,0.73257428744149,6.377982087317777,14.438882571321846,7.735059820063422,,1.7562142485488643,2.447172728704235,10.193057968178804,4.667948450627907,32.18149929000209,7.397756824111931,,0.528783579703859,10.809238088595771,0.7082145633251086
2021-03-10,0.7344799442505325,6.380413191350867,14.479553000962678,7.734447384914666,,1.7589031640547903,2.4616095378464085,10.192550786884214,4.653751158154627,32.1806153193356,7.401864835314311,,0.5297774916323852,10.801497332580343,0.7099572372374521
2021-03-11,0.7281906663807439,6.381540801821585,14.50840140463199,7.741127133672825,,1.7623934511903483,2.47099858151144,10.190935331387251,4.639296780450832,32.17801481056685,7.398631536041338,,0.5254819958637096,10.776459185892872,0.7058161618933632
2021-03-12,0.7331546421696994,6.375959879908198,14.539813981911614,7.745952577819344,,1.7680122480768974,2.483593686942276,10.184119825619296,4.621204618872518,32.17822362184998,7.402242128950124,,0.5330986909547282,10.757408890592805,0.7118837710638597
2021-03-13,0.7397058124264885,6.376088322550664,14.573396782576534,7.750808780850568,,1.7723034219637614,2.478666441850186,10.172039600834893,4.615403811053067,32.17744256639987,7.409683202058402,,0.5156820847341341,10.731918339711818,0.7055488135515636
2021-03-14,0.7494204076863192,6.374288782863585,14.599815065671187,7.767408007429798,,1.7714976009332053,2.4865823391648703,10.167901209874222,4.597257583954448,32.18119889860002,7.40038169513392,,0.5080254312556796,10.721956098958948,0.6953213319840373
2021-03-15,0.7541906638682292,6.381243979112027,14.615792710330776,7.782663026305952,,1.763086546990967,2.49228034101018,10.163956620980665,4.591211847909085,32.18001406591944,7.409075412775617,,0.5067416409725441,10.723177999862315,0.6791096332525781
2021-03-16,0.7566133163864648,6.386771878836431,14.650618142671064,7.799160706166034,,1.753564949535124,2.482165017062252,10.148516083176524,4.5902376455559954,32.18003636650331,7.429381995296669,,0.5031341683067764,10.700462836412976,0.6811971353711915
2021-03-17,0.7557244542021649,6.371198448768486,14.680651856018024,7.820181752353019,,1.751019520717429,2.4795119985161365,10.15509692551407,4.593911891936896,32.16770694863367,7.425506464320842,,0.4970973093477161,10.67986602720343,0.6836309141049942
2021-03-18,0.7651590888082059,6.3760592046817735,14.705819644238142,7.824365480852993,,1.741882581924571,2.480257419780719,10.155349836816152,4.590000590386969,32.16058659028481,7.429234866579051,,0.4785771539075271,10.662927765914253,0.6878015654335494
2021-03-19,0.7565482120466618,6.378845756661417,14.739545582947787,7.830886419948994,,1.7419444056799096,2.475855101863201,10.149978787738812,4.579105144285965,32.15912287789004,7.437511350902295,,0.4651137615774146,10.641745392939924,0.6899306944303243
2021-03-20,0.7478185666090741,6.388032082325506,14.77528194617054,7.842831997108982,,1.7357656487885142,2.472925543646732,10.150921564467325,4.575261726114941,32.15539613657992,7.439189914701062,,0.4569785948965965,10.620577735195011,0.6927156640313976
2021-03-21,0.7489698199434458,6.397998701390323,14.796753226399993,7.855636611577327,,1.73217613054882,2.4724047632257573,10.14225054866977,4.568604306860649,32.149911125652835,7.440458841003551,,0.4592405872225014,10.606022115931552,0.696097163020774
2021-03-22,0.7508721474720274,6.394524190212377,14.818877553019176,7.855898749195207,,1.7234898934490783,2.490294050212902,10.132019927438096,4.5615977304945226,32.11721113890305,7.439452228387978,,0.4395868501474137,10.593162772683993,0.6999420579253044
2021-03-23,0.7488597201474751,6.40260925249193,14.843098221527184,7.868493367085687,,1.702951019839254,2.5003176813948143,10.124823482924912,4.554000097941462,32.10276943129747,7.450425566895314,,0.4311189677910016,10.597321560053755,0.6929354197709159
2021-03-24,0.75083135658367,6.4027141222632205,14.873489338890554,7.874785723221381,,1.70184790274012,2.5034567224953457,10.119002946711392,4.546549969369229,32.08646611301605,7.461947054898212,,0.4233758658030275,10.590114210220207,0.6987083126610782
2021-03-25,0.7487895091301962,6.4058337749409775,14.900791203537995,7.879388917296954,,1.7020886199500065,2.516636417910148,10.119095793575084,4.553290941152781,32.05766829517332,7.4593864468314655,,0.4153997695736079,10.573175948993486,0.704201191076028
2021-03-26,0.7432833558667725,6.397925343135175,14.93584675425122,7.8771890578479455,,1.7088417923693613,2.521311395445996,10.114903153811136,4.54368857936257,32.02998695166883,7.468137251820654,,0.4234145040274426,10.55537068580958,0.7005633350752865
2021-03-27,0.7483471161562018,6.396530276996769,14.959708221323156,7.889632584961557,,1.7066376012903124,2.523605535265335,10.114901619941232,4.519974204308333,32.01502411357758,7.4685761427944275,,0.4166442119772198,10.539154732522576,0.7076820059199928
2021-03-28,0.7441380367579877,6.400448953156458,14.986310374987054,7.9043630221192,,1.7063530905437392,2.5155676820354302,10.117083019207834,4.508728174541831,32.00549113386257,7.47543683716124,,0.4097783193988044,10.516206351695615,0.7119817985392024
2021-03-29,0.7396189287456032,6.398159396694464,15.009122224509746,7.90754398346683,,1.7058981802557882,2.522401394789969,10.105639727520323,4.506010362100284,31.97761698051129,7.484749240038307,,0.4117963491370963,10.50935599080034,0.731930295719683
2021-03-30,0.7342671074466984,6.397911005276383,15.04900430688392,7.930106843615813,,1.6999641508091128,2.535884314665781,10.09481695002178,4.500845613786881,31.948093032050288,7.493151729739628,,0.4086691868263352,10.504676227243458,0.7345174068241566
2021-03-31,0.7324489022167302,6.405839846504404,15.08685585381605,7.953995686517337,,1.6968201047681428,2.537496060295497,10.074721278310545,4.502374671561011,31.92004097892459,7.482311331735119,,0.4126976887681076,10.496282421104192,0.7524473837503804
2021-04-01,0.7210349550473065,6.413122206967516,15.120168069430798,7.959030203005903,,1.6904396065956513,2.5424042628035486,10.058882330574926,4.48771206184885,31.88873771857285,7.486621868673295,,0.4150794947736591,10.499361475918704,0.7647349425490855
2021-04-02,0.7180733227618662,6.405151984330124,15.13687505902481,7.984143388140311,,1.6729707169790249,2.550359423688937,10.045634696988294,4.481528001518512,31.85420877619207,7.475405650194374,,0.4080593378991741,10.495616998617104,0.7743043631287762
2021-04-03,0.7171268031136837,6.41351913707309,15.16356981655302,7.997212509903168,,1.6723398117551556,2.552973633889032,10.04264838701535,4.470413457080367,31.820585749351363,7.469613830696135,,0.4051920906168788,10.49901166611768,0.7704513676852669
2021-04-04,0.7024516868382374,6.414435214794228,15.18388057998284,8.013361169705089,,1.6736141557306714,2.551046892083088,10.029903579106378,4.455650863719791,31.797125738749987,7.468050676331819,,0.4030542003138271,10.490236011086848,0.7798414619933853
2021-04-05,0.6915595884596596,6.417502483803381,15.200299905356305,8.024922770242513,,1.6710396170119133,2.5531840082814945,10.013635713421763,4.455087084576824,31.77838279525307,7.479111684951811,,0.3957025013976539,10.481589205667614,0.7867296189176103
2021-04-06,0.7004713050049652,6.431492095066276,15.207046737002337,8.039588983151189,,1.6699901676346331,2.557721683322522,9.998724168619283,4.460238171522249,31.758801974395087,7.492381157266899,,0.3988916928093245,10.476804401972627,0.7945696405111677
2021-04-07,0.692734428087633,6.42999096507795,15.237998819650596,8.056089127715468,,1.672834683383274,2.566709590857445,9.980248659691846,4.447286469118108,31.749853102248927,7.498012444052724,,0.3977923482752483,10.4634470898865,0.7989277987319994
2021-04-08,0.6757267686525976,6.430900286301195,15.247157198970736,8.070530638765508,,1.6634145488335907,2.5674483102277272,9.965227876883072,4.446610080025699,31.729845419048203,7.503109607652257,,0.4007420729099657,10.458396555823615,0.80648328047756
2021-04-09,0.678980364902026,6.438474723178254,15.26689659999328,8.090098062474343,,1.6549067696561317,2.573719257947021,9.944945077782371,4.446287790900532,31.705693547255446,7.505691397316879,,0.3953608728420035,10.44291609450774,0.8139601503505953
2021-04-10,0.6742240342594761,6.439532334892232,15.284726879489773,8.10930637210346,,1.6562222367676291,2.590052645967483,9.9232238518688,4.448377957966716,31.6861698593466,7.516592360144035,,0.3861080607223555,10.43586761352454,0.8257041346764485
2021-04-11,0.6713771538250268,6.444710321304961,15.295557962601109,8.125189724355716,,1.6589194827298956,2.5881943518339474,9.896842324362312,4.439099788892821,31.659963862012862,7.529397509193608,,0.3921066289421933,10.416228120502929,0.8287902787527578
2021-04-12,0.675033286591769,6.445867984420325,15.322860788113733,8.145118053866712,,1.6618473815550403,2.6067432280088823,9.85785994633989,4.433449402260002,31.6423900534408,7.534854853337292,,0.3954170325329385,10.411556600630192,0.8496226355551078
2021-04-13,0.6696693774148158,6.434917493744402,15.34088726922514,8.155799987823897,,1.6762704986155263,2.618560751322906,9.85467305595958,4.414834741259876,31.620382570560277,7.527707591788479,,0.3918946053676745,10.387788489723633,0.8641328955859419
2021-04-14,0.6707804363223173,6.450478652044822,15.342448184453362,8.16732172674422,,1.6838495604469557,2.640805893744124,9.86446560265188,4.380976435231014,31.6205355963816,7.541745721237112,,0.3809991736736524,10.385068858933847,0.8689617151475254
2021-04-15,0.6829610212049202,6.455951552740399,15.35095954419576,8.179443677560753,,1.6965811372252,2.6410173591507693,9.87083072322169,4.357425265107431,31.61310270305887,7.541939478960254,,0.3791182455242667,10.374609299729396,0.8696281282117873
2021-04-16,0.6761906126200105,6.470434722227168,15.354404327100823,8.201230574879103,,1.6977649999975917,2.667541298190071,9.881021488142864,4.329119239142532,31.609130431464948,7.5399328673909265,,0.3720726455995065,10.362192556005514,0.8716216537891107
2021-04-17,0.6935413434169142,6.468635756804939,15.362618822014303,8.21034205101653,,1.6891737553155022,2.690624583793336,9.88909768457407,4.3007846700488335,31.600192880275223,7.526558448004644,,0.3727228746495341,10.356195530104454,0.8722783853740839
2021-04-18,0.7023045449599822,6.478495710065916,15.37805949846296,8.224372766121135,,1.6844013273488654,2.7044300110942494,9.900105724663865,4.260871930880406,31.60811564934268,7.515256868205988,,0.3785974853967476,10.33495902595081,0.874966289835654
2021-04-19,0.6920499419209619,6.476603569123464,15.386294311430522,8.237310064705847,,1.687486619832986,2.724875373873092,9.89282780878662,4.230278316610795,31.59917954799007,7.510008580314927,,0.3766765095325292,10.330672413305102,0.8756574526830311
2021-04-20,0.695575850182766,6.484689230396286,15.379562060326275,8.244466827728397,,1.6881682945171317,2.7386591389663937,9.89345952919552,4.216385349023319,31.60113393365976,7.515597657890541,,0.3734556199421949,10.328072630131196,0.8673069781701963
2021-04-21,0.696226991703779,6.489878675097567,15.372832886511212,8.23932949253741,,1.689994958072491,2.742811852973269,9.893906542536504,4.200968223300064,31.599321770943277,7.506454059314371,,0.3653006843224103,10.32713767588908,0.8655164920185038
2021-04-22,0.6966965360702567,6.489657169975603,15.368307089025668,8.254724670079224,,1.6829549282637928,2.7540046236666766,9.894207111712449,4.181467782096846,31.60161918864536,7.499506334024319,,0.3615977702460309,10.3223297186776,0.8593985387773182
2021-04-23,0.6998292542578078,6.50058531271256,15.36816340533908,8.263654989656233,,1.6688889458596612,2.7625128856497683,9.904556779014168,4.1753385406227626,31.597341486337857,7.498144305378939,,0.3639425053152934,10.323537740551291,0.8456949608686585
2021-04-24,0.711834022078468,6.495912431292429,15.367194545856826,8.266681533964729,,1.6805937333354803,2.763763434159942,9.90388187750111,4.156088020295396,31.60309770108188,7.495341865992636,,0.3737554480290194,10.33358235359822,0.8427543793063469
2021-04-25,0.7170746648825165,6.483239086656223,15.373513837610288,8.270176610926159,,1.6950325059389562,2.758623704594873,9.89281839437471,4.136618460782125,31.602943271144927,7.488025913864641,,0.3851852217744088,10.33130441348363,0.8471699663433853
2021-04-26,0.7133488403391267,6.491914069631337,15.381386577789575,8.272217631387225,,1.6967156516285593,2.765091017680764,9.871316160632716,4.134170416911967,31.604997162177423,7.49465257232209,,0.3806295929478219,10.326765252149212,0.8387331847323185
2021-04-27,0.7154360879893825,6.4924895780951575,15.382724593840404,8.277512811408888,,1.7017803970884628,2.771184557793616,9.86562954947007,4.119701069303932,31.590222603684253,7.502274370491075,,0.3781708574069995,10.334190250561663,0.8418460926667367
2021-04-28,0.7159468071524029,6.4867971976933605,15.380766610418132,8.275579342368896,,1.7149513950857749,2.7761789266628565,9.857645223870335,4.102975399293802,31.585929034825572,7.495262889628866,,0.3806565184392084,10.335744749958078,0.8460240033353463
2021-04-29,0.7271463153437095,6.487921725423743,15.385567946612262,8.269749013036893,,1.730036360550369,2.795785426842744,9.864103295703329,4.104236236307072,31.582517149751816,7.499960113989417,,0.3669083717190813,10.33923793476996,0.8511007285983027
2021-04-30,0.7183598169714506,6.488009823030745,15.387165436033,8.27195056121084,,1.7374051361392846,2.80046428959314,9.856673523220016,4.103348080263842,31.58444637515014,7.505198563365109,,0.3628992180272389,10.345419675759093,0.8660106702838919
2021-05-01,0.7259877613112165,6.479035055333841,15.388538355219774,8.27635035741617,,1.7405050011897918,2.814490504878659,9.847244441504747,4.094477195974147,31.576969722513617,7.493620378658468,,0.35343449027142,10.346107878703595,0.8669070403894297
2021-05-02,0.7251055087482041,6.483360963452563,15.370011778791358,8.261739120140424,,1.7422131468899495,2.8182835878989434,9.847604852538446,4.090522638388089,31.58158297234047,7.499126170820313,,0.3547110841274644,10.34602617620946,0.8697666479484345
2021-05-03,0.7218058500231642,6.479726726769841,15.374248425751052,8.260131248545731,,1.7380750207155375,2.8195994863150937,9.853425077250318,4.098691023741515,31.57933750476302,7.504681562746906,,0.3593143803331958,10.34629926095512,0.8669882651889372
2021-05-04,0.7159048281645373,6.475972347561626,15.370876865903483,8.261793016875952,,1.755495348425373,2.8224373615852616,9.86056130886581,4.110223403580614,31.581137006301493,7.492226098166832,,0.3453754741468439,10.345362326237344,0.8731717278203764
2021-05-05,0.7215091801074004,6.468784935881604,15.363219229291971,8.26249350155174,,1.7505666789229877,2.8369296569104536,9.858766966231045,4.110256559674599,31.58269163888356,7.483773400097494,,0.3506524756694026,10.341027764247729,0.87934492737964
2021-05-06,0.7279951995819705,6.470847788932352,15.368193275192588,8.270949328046834,,1.7408058651984852,2.830459518991163,9.862322338552811,4.107442469784383,31.58284380080484,7.479664639179722,,0.3546534330675015,10.32905715844628,0.8795735483583745
